/*-----------------------------------------------------User Seed Data----------------------------------- --*/
SET IDENTITY_INSERT [User] ON

INSERT INTO [User]( [ID], [SSOUserID], [Active], [Deleted], [CreatedBy], [CreatedOn], [UpdatedBy], [UpdatedOn]) 
    VALUES( 0, 'dummy.user', 1, 0, 1, CURRENT_TIMESTAMP, 1, CURRENT_TIMESTAMP)
GO
INSERT INTO [User]( [ID], [SSOUserID], [Active], [Deleted], [CreatedBy], [CreatedOn], [UpdatedBy], [UpdatedOn]) 
    VALUES( 1, 'cd.comp.system', 1, 0, 1, CURRENT_TIMESTAMP, 1, CURRENT_TIMESTAMP)
GO
INSERT INTO [User]( [ID], [SSOUserID], [Active], [Deleted], [CreatedBy], [CreatedOn], [UpdatedBy], [UpdatedOn]) 
    VALUES( 2, 'cd.comp.migration', 1, 0, 1, CURRENT_TIMESTAMP, 1, CURRENT_TIMESTAMP)
GO
INSERT INTO [User]( [ID], [SSOUserID], [Active], [Deleted], [CreatedBy], [CreatedOn], [UpdatedBy], [UpdatedOn]) 
    VALUES( 3, 'reefhat.s', 1, 0, 1, CURRENT_TIMESTAMP, 1, CURRENT_TIMESTAMP)
GO
INSERT INTO [User]( [ID], [SSOUserID], [Active], [Deleted], [CreatedBy], [CreatedOn], [UpdatedBy], [UpdatedOn]) 
    VALUES( 4, 'jignesh.shah', 1, 0, 1, CURRENT_TIMESTAMP, 1, CURRENT_TIMESTAMP)
GO
INSERT INTO [User]( [ID], [SSOUserID], [Active], [Deleted], [CreatedBy], [CreatedOn], [UpdatedBy], [UpdatedOn]) 
    VALUES( 5, 'amit.k', 1, 0, 1, CURRENT_TIMESTAMP, 1, CURRENT_TIMESTAMP)
GO
INSERT INTO [User]( [ID], [SSOUserID], [Active], [Deleted], [CreatedBy], [CreatedOn], [UpdatedBy], [UpdatedOn]) 
    VALUES( 6, 'gary.h', 1, 0, 1, CURRENT_TIMESTAMP, 1, CURRENT_TIMESTAMP)
GO
INSERT INTO [User]( [ID], [SSOUserID], [Active], [Deleted], [CreatedBy], [CreatedOn], [UpdatedBy], [UpdatedOn]) 
    VALUES( 7, 'thomas.pearman', 1, 0, 1, CURRENT_TIMESTAMP, 1, CURRENT_TIMESTAMP)
GO
INSERT INTO [User]( [ID], [SSOUserID], [Active], [Deleted], [CreatedBy], [CreatedOn], [UpdatedBy], [UpdatedOn]) 
    VALUES( 8, 'abhijit.s', 1, 0, 1, CURRENT_TIMESTAMP, 1, CURRENT_TIMESTAMP)
GO
INSERT INTO [User]( [ID], [SSOUserID], [Active], [Deleted], [CreatedBy], [CreatedOn], [UpdatedBy], [UpdatedOn]) 
    VALUES( 9, 'sebastian.f', 1, 0, 1, CURRENT_TIMESTAMP, 1, CURRENT_TIMESTAMP)
GO
INSERT INTO [User]( [ID], [SSOUserID], [Active], [Deleted], [CreatedBy], [CreatedOn], [UpdatedBy], [UpdatedOn]) 
    VALUES( 10, 'mandeep.s', 1, 0, 1, CURRENT_TIMESTAMP, 1, CURRENT_TIMESTAMP)
GO
INSERT INTO [User]( [ID], [SSOUserID], [Active], [Deleted], [CreatedBy], [CreatedOn], [UpdatedBy], [UpdatedOn]) 
    VALUES( 11, 'nelmie.r', 1, 0, 1, CURRENT_TIMESTAMP, 1, CURRENT_TIMESTAMP)
GO
INSERT INTO [User]( [ID], [SSOUserID], [Active], [Deleted], [CreatedBy], [CreatedOn], [UpdatedBy], [UpdatedOn]) 
    VALUES( 12, 'muslim.r', 1, 0, 1, CURRENT_TIMESTAMP, 1, CURRENT_TIMESTAMP)
GO
INSERT INTO [User]( [ID], [SSOUserID], [Active], [Deleted], [CreatedBy], [CreatedOn], [UpdatedBy], [UpdatedOn]) 
    VALUES( 13, 'abbas.s', 1, 0, 1, CURRENT_TIMESTAMP, 1, CURRENT_TIMESTAMP)
GO
INSERT INTO [User]( [ID], [SSOUserID], [Active], [Deleted], [CreatedBy], [CreatedOn], [UpdatedBy], [UpdatedOn]) 
    VALUES( 14, 'kam.b', 1, 0, 1, CURRENT_TIMESTAMP, 1, CURRENT_TIMESTAMP)
GO
INSERT INTO [User]( [ID], [SSOUserID], [Active], [Deleted], [CreatedBy], [CreatedOn], [UpdatedBy], [UpdatedOn]) 
    VALUES( 15, 'caroline.jones', 1, 0, 1, CURRENT_TIMESTAMP, 1, CURRENT_TIMESTAMP)
GO
INSERT INTO [User]( [ID], [SSOUserID], [Active], [Deleted], [CreatedBy], [CreatedOn], [UpdatedBy], [UpdatedOn]) 
    VALUES( 16, 'parag.b2', 1, 0, 1, CURRENT_TIMESTAMP, 1, CURRENT_TIMESTAMP)
GO
INSERT INTO [User]( [ID], [SSOUserID], [Active], [Deleted], [CreatedBy], [CreatedOn], [UpdatedBy], [UpdatedOn]) 
    VALUES( 17, 'pooja.prabhu', 1, 0, 1, CURRENT_TIMESTAMP, 1, CURRENT_TIMESTAMP)
GO
INSERT INTO [User]( [ID], [SSOUserID], [Active], [Deleted], [CreatedBy], [CreatedOn], [UpdatedBy], [UpdatedOn]) 
    VALUES( 18, 'mudassir.p', 1, 0, 1, CURRENT_TIMESTAMP, 1, CURRENT_TIMESTAMP)
GO
INSERT INTO [User]( [ID], [SSOUserID], [Active], [Deleted], [CreatedBy], [CreatedOn], [UpdatedBy], [UpdatedOn]) 
    VALUES( 19, 'bincy.t', 1, 0, 1, CURRENT_TIMESTAMP, 1, CURRENT_TIMESTAMP)
GO
INSERT INTO [User]( [ID], [SSOUserID], [Active], [Deleted], [CreatedBy], [CreatedOn], [UpdatedBy], [UpdatedOn]) 
    VALUES( 20, 'ujwal.d', 1, 0, 1, CURRENT_TIMESTAMP, 1, CURRENT_TIMESTAMP)
GO
INSERT INTO [User]( [ID], [SSOUserID], [Active], [Deleted], [CreatedBy], [CreatedOn], [UpdatedBy], [UpdatedOn]) 
    VALUES( 21, 'pravin.s', 1, 0, 1, CURRENT_TIMESTAMP, 1, CURRENT_TIMESTAMP)
GO
INSERT INTO [User]( [ID], [SSOUserID], [Active], [Deleted], [CreatedBy], [CreatedOn], [UpdatedBy], [UpdatedOn]) 
    VALUES( 22, 'suhail.d', 1, 0, 1, CURRENT_TIMESTAMP, 1, CURRENT_TIMESTAMP)
GO
INSERT INTO [User]( [ID], [SSOUserID], [Active], [Deleted], [CreatedBy], [CreatedOn], [UpdatedBy], [UpdatedOn]) 
    VALUES( 23, 'kapil.m', 1, 0, 1, CURRENT_TIMESTAMP, 1, CURRENT_TIMESTAMP)
GO
INSERT INTO [User]( [ID], [SSOUserID], [Active], [Deleted], [CreatedBy], [CreatedOn], [UpdatedBy], [UpdatedOn]) 
    VALUES( 24, 'muruganand.n', 1, 0, 1, CURRENT_TIMESTAMP, 1, CURRENT_TIMESTAMP)
GO
INSERT INTO [User]( [ID], [SSOUserID], [Active], [Deleted], [CreatedBy], [CreatedOn], [UpdatedBy], [UpdatedOn]) 
    VALUES( 25, 'fredy.p', 1, 0, 1, CURRENT_TIMESTAMP, 1, CURRENT_TIMESTAMP)
GO
INSERT INTO [User]( [ID], [SSOUserID], [Active], [Deleted], [CreatedBy], [CreatedOn], [UpdatedBy], [UpdatedOn]) 
    VALUES( 26, 'ruchi.a', 1, 0, 1, CURRENT_TIMESTAMP, 1, CURRENT_TIMESTAMP)
GO
INSERT INTO [User]( [ID], [SSOUserID], [Active], [Deleted], [CreatedBy], [CreatedOn], [UpdatedBy], [UpdatedOn]) 
    VALUES( 27, 'jigar.s', 1, 0, 1, CURRENT_TIMESTAMP, 1, CURRENT_TIMESTAMP)
GO
INSERT INTO [User]( [ID], [SSOUserID], [Active], [Deleted], [CreatedBy], [CreatedOn], [UpdatedBy], [UpdatedOn]) 
    VALUES( 28, 'vikash.r', 1, 0, 1, CURRENT_TIMESTAMP, 1, CURRENT_TIMESTAMP)
GO
INSERT INTO [User]( [ID], [SSOUserID], [Active], [Deleted], [CreatedBy], [CreatedOn], [UpdatedBy], [UpdatedOn]) 
    VALUES( 29, 'jon.b', 1, 0, 1, CURRENT_TIMESTAMP, 1, CURRENT_TIMESTAMP)
GO
INSERT INTO [User]( [ID], [SSOUserID], [Active], [Deleted], [CreatedBy], [CreatedOn], [UpdatedBy], [UpdatedOn]) 
    VALUES( 30, 'david.m', 1, 0, 1, CURRENT_TIMESTAMP, 1, CURRENT_TIMESTAMP)
GO
INSERT INTO [User]( [ID], [SSOUserID], [Active], [Deleted], [CreatedBy], [CreatedOn], [UpdatedBy], [UpdatedOn]) 
    VALUES( 31, 'george.w', 1, 0, 1, CURRENT_TIMESTAMP, 1, CURRENT_TIMESTAMP)
GO
INSERT INTO [User]( [ID], [SSOUserID], [Active], [Deleted], [CreatedBy], [CreatedOn], [UpdatedBy], [UpdatedOn]) 
    VALUES( 32, 'amy.c', 1, 0, 1, CURRENT_TIMESTAMP, 1, CURRENT_TIMESTAMP)
GO
INSERT INTO [User]( [ID], [SSOUserID], [Active], [Deleted], [CreatedBy], [CreatedOn], [UpdatedBy], [UpdatedOn]) 
    VALUES( 33, 'hulya.u', 1, 0, 1, CURRENT_TIMESTAMP, 1, CURRENT_TIMESTAMP)
GO
INSERT INTO [User]( [ID], [SSOUserID], [Active], [Deleted], [CreatedBy], [CreatedOn], [UpdatedBy], [UpdatedOn]) 
    VALUES( 34, 'akua.f', 1, 0, 1, CURRENT_TIMESTAMP, 1, CURRENT_TIMESTAMP)
GO
INSERT INTO [User]( [ID], [SSOUserID], [Active], [Deleted], [CreatedBy], [CreatedOn], [UpdatedBy], [UpdatedOn]) 
    VALUES( 35, 'jev.v', 1, 0, 1, CURRENT_TIMESTAMP, 1, CURRENT_TIMESTAMP)
GO
INSERT INTO [User]( [ID], [SSOUserID], [Active], [Deleted], [CreatedBy], [CreatedOn], [UpdatedBy], [UpdatedOn]) 
    VALUES( 36, 'selvi.t', 1, 0, 1, CURRENT_TIMESTAMP, 1, CURRENT_TIMESTAMP)
GO
SET IDENTITY_INSERT [User] OFF
/*----------------------------------------------- Function Seed Data------------------------------------------------*/
SET IDENTITY_INSERT [Function] ON

INSERT INTO [Function]([ID], [Name], [CreatedBy], [CreatedOn], [UpdatedBy], [UpdatedOn]) 
    VALUES(1, N'canWorkOnCFX', 1, CURRENT_TIMESTAMP, 1, CURRENT_TIMESTAMP)
GO
INSERT INTO [Function]([ID], [Name], [CreatedBy], [CreatedOn], [UpdatedBy], [UpdatedOn]) 
    VALUES(2, N'canWorkOnPFX', 1, CURRENT_TIMESTAMP, 1, CURRENT_TIMESTAMP)
GO
INSERT INTO [Function]([ID], [Name], [CreatedBy], [CreatedOn], [UpdatedBy], [UpdatedOn]) 
    VALUES(3, N'canViewRegistrationQueue', 1, CURRENT_TIMESTAMP, 1, CURRENT_TIMESTAMP)
GO
INSERT INTO [Function]([ID], [Name], [CreatedBy], [CreatedOn], [UpdatedBy], [UpdatedOn]) 
    VALUES(4, N'canViewPaymentInQueue', 1, CURRENT_TIMESTAMP, 1, CURRENT_TIMESTAMP)
GO
INSERT INTO [Function]([ID], [Name], [CreatedBy], [CreatedOn], [UpdatedBy], [UpdatedOn]) 
    VALUES(5, N'canViewPaymentOutQueue', 1, CURRENT_TIMESTAMP, 1, CURRENT_TIMESTAMP)
GO
INSERT INTO [Function]([ID], [Name], [CreatedBy], [CreatedOn], [UpdatedBy], [UpdatedOn]) 
    VALUES(6, N'canViewRegistrationReport', 1, CURRENT_TIMESTAMP, 1, CURRENT_TIMESTAMP)
GO
INSERT INTO [Function]([ID], [Name], [CreatedBy], [CreatedOn], [UpdatedBy], [UpdatedOn]) 
    VALUES(7, N'canViewPaymentInReport', 1, CURRENT_TIMESTAMP, 1, CURRENT_TIMESTAMP)
GO
INSERT INTO [Function]([ID], [Name], [CreatedBy], [CreatedOn], [UpdatedBy], [UpdatedOn]) 
    VALUES(8, N'canViewPaymentOutReport', 1, CURRENT_TIMESTAMP, 1, CURRENT_TIMESTAMP)
GO
INSERT INTO [Function]([ID], [Name], [CreatedBy], [CreatedOn], [UpdatedBy], [UpdatedOn]) 
    VALUES(9, N'canManageWatchList', 1, CURRENT_TIMESTAMP, 1, CURRENT_TIMESTAMP)
GO
INSERT INTO [Function]([ID], [Name], [CreatedBy], [CreatedOn], [UpdatedBy], [UpdatedOn]) 
    VALUES(10, N'canUnlockRecords', 1, CURRENT_TIMESTAMP, 1, CURRENT_TIMESTAMP)
GO
INSERT INTO [Function]([ID], [Name], [CreatedBy], [CreatedOn], [UpdatedBy], [UpdatedOn]) 
    VALUES(11, N'canViewDashboard', 1, CURRENT_TIMESTAMP, 1, CURRENT_TIMESTAMP)
GO
INSERT INTO [Function]([ID], [Name], [CreatedBy], [CreatedOn], [UpdatedBy], [UpdatedOn]) 
    VALUES(12, N'canManageFraud', 1, CURRENT_TIMESTAMP, 1, CURRENT_TIMESTAMP)
GO
INSERT INTO [Function]([ID], [Name], [CreatedBy], [CreatedOn], [UpdatedBy], [UpdatedOn]) 
    VALUES(13, N'canManageCustom', 1, CURRENT_TIMESTAMP, 1, CURRENT_TIMESTAMP)
GO
INSERT INTO [Function]([ID], [Name], [CreatedBy], [CreatedOn], [UpdatedBy], [UpdatedOn]) 
    VALUES(14, N'canManageEID', 1, CURRENT_TIMESTAMP, 1, CURRENT_TIMESTAMP)
GO
INSERT INTO [Function]([ID], [Name], [CreatedBy], [CreatedOn], [UpdatedBy], [UpdatedOn]) 
    VALUES(15, N'canManageSanction', 1, CURRENT_TIMESTAMP, 1, CURRENT_TIMESTAMP)
GO
INSERT INTO [Function]([ID], [Name], [CreatedBy], [CreatedOn], [UpdatedBy], [UpdatedOn]) 
    VALUES(16, N'canManageBlackList', 1, CURRENT_TIMESTAMP, 1, CURRENT_TIMESTAMP)
GO
INSERT INTO [Function]([ID], [Name], [CreatedBy], [CreatedOn], [UpdatedBy], [UpdatedOn]) 
    VALUES(17, N'canDoAdministration', 1, CURRENT_TIMESTAMP, 1, CURRENT_TIMESTAMP)
GO
INSERT INTO [Function]([ID], [Name], [CreatedBy], [CreatedOn], [UpdatedBy], [UpdatedOn]) 
    VALUES(18, 'canViewWorkEfficiancyReport', 1, CURRENT_TIMESTAMP, 1, CURRENT_TIMESTAMP)
GO

SET IDENTITY_INSERT [Function] OFF

/*------------------------------------------------ Role Seed Data --------------------------------------------*/
SET IDENTITY_INSERT [Role] ON

INSERT INTO [Role]([ID], [SSORoleID], [Description], [Active], [Deleted], [CreatedBy], [CreatedOn], [UpdatedBy], [UpdatedOn]) 
    VALUES(1, N'ATLAS_DEPT_HEAD', N'ATLAS_DEPT_HEAD', 1, 0, 1, current_timestamp, 1, current_timestamp)
GO
INSERT INTO [Role]([ID], [SSORoleID], [Description], [Active], [Deleted], [CreatedBy], [CreatedOn], [UpdatedBy], [UpdatedOn]) 
    VALUES(2, N'ATLAS_COMPLIANCE_ANALYSIS', N'ATLAS_COMPLIANCE_ANALYSIS', 1, 0, 1, current_timestamp, 1, current_timestamp)
GO
INSERT INTO [Role]([ID], [SSORoleID], [Description], [Active], [Deleted], [CreatedBy], [CreatedOn], [UpdatedBy], [UpdatedOn]) 
    VALUES(3, N'ATLAS_SENIOR_EXECUTIVE', N'ATLAS_SENIOR_EXECUTIVE', 1, 0, 1, current_timestamp, 1, current_timestamp)
GO
INSERT INTO [Role]([ID], [SSORoleID], [Description], [Active], [Deleted], [CreatedBy], [CreatedOn], [UpdatedBy], [UpdatedOn]) 
    VALUES(4, N'ATLAS_COMPLIANCE_EXECUTIVE', N'ATLAS_COMPLIANCE_EXECUTIVE', 1, 0, 1, current_timestamp, 1, current_timestamp)
GO
INSERT INTO [Role]([ID], [SSORoleID], [Description], [Active], [Deleted], [CreatedBy], [CreatedOn], [UpdatedBy], [UpdatedOn]) 
    VALUES(5, N'ATLAS_TRAINEE_EXECUTIVE', N'ATLAS_TRAINEE_EXECUTIVE', 1, 0, 1, current_timestamp, 1, current_timestamp)
GO
INSERT INTO [Role]([ID], [SSORoleID], [Description], [Active], [Deleted], [CreatedBy], [CreatedOn], [UpdatedBy], [UpdatedOn]) 
    VALUES(6, N'ATLAS_OPERATIONAL_OVERSIGHT', N'ATLAS_OPERATIONAL_OVERSIGHT', 1, 0, 1, current_timestamp, 1, current_timestamp)
GO

SET IDENTITY_INSERT [Role] OFF
/*------------------------------------------------ FunctionGroup Seed Data --------------------------------------------*/

SET IDENTITY_INSERT [FunctionGroup] ON

INSERT INTO [FunctionGroup]([ID], [Name], [Active], [Deleted], [CreatedBy], [CreatedOn], [UpdatedBy], [UpdatedOn]) 
    VALUES(1, 'Trainee', 1, 0, 1, current_timestamp, 1,current_timestamp)
GO
INSERT INTO [FunctionGroup]([ID], [Name], [Active], [Deleted], [CreatedBy], [CreatedOn], [UpdatedBy], [UpdatedOn]) 
    VALUES(2, 'Compliance Exceutive', 1, 0, 1, current_timestamp, 1,current_timestamp)
GO
INSERT INTO [FunctionGroup]([ID], [Name], [Active], [Deleted], [CreatedBy], [CreatedOn], [UpdatedBy], [UpdatedOn]) 
    VALUES(3, 'Senior Executive', 1, 0, 1, current_timestamp, 1,current_timestamp)
GO
INSERT INTO [FunctionGroup]([ID], [Name], [Active], [Deleted], [CreatedBy], [CreatedOn], [UpdatedBy], [UpdatedOn]) 
    VALUES(4, 'Compliance Analysis', 1, 0, 1, current_timestamp, 1,current_timestamp)
GO
INSERT INTO [FunctionGroup]([ID], [Name], [Active], [Deleted], [CreatedBy], [CreatedOn], [UpdatedBy], [UpdatedOn]) 
    VALUES(5, 'Departmental Heads', 1, 0, 1, current_timestamp, 1,current_timestamp)
GO
INSERT INTO [FunctionGroup]([ID], [Name], [Active], [Deleted], [CreatedBy], [CreatedOn], [UpdatedBy], [UpdatedOn]) 
    VALUES(6, 'Operation Oversight', 1, 0, 1, current_timestamp, 1,current_timestamp)
GO
SET IDENTITY_INSERT [FunctionGroup] OFF

/*-------------------------------------------- FunctionGroupMapping seed data--------------------------------------*/

/*
	Trainee
)
*/
INSERT INTO [FunctionGroupMapping]([FunctionID], [FunctionGroupID], [CreatedBy], [CreatedOn], [UpdatedBy], [UpdatedOn]) 
   VALUES(1, 1, 1, CURRENT_TIMESTAMP, 1, CURRENT_TIMESTAMP)
GO
INSERT INTO [FunctionGroupMapping]([FunctionID], [FunctionGroupID], [CreatedBy], [CreatedOn], [UpdatedBy], [UpdatedOn]) 
   VALUES(2, 1, 1, CURRENT_TIMESTAMP, 1, CURRENT_TIMESTAMP)
GO
INSERT INTO [FunctionGroupMapping]([FunctionID], [FunctionGroupID], [CreatedBy], [CreatedOn], [UpdatedBy], [UpdatedOn]) 
   VALUES(3, 1, 1, CURRENT_TIMESTAMP, 1, CURRENT_TIMESTAMP)
GO
INSERT INTO [FunctionGroupMapping]([FunctionID], [FunctionGroupID], [CreatedBy], [CreatedOn], [UpdatedBy], [UpdatedOn]) 
   VALUES(4, 1, 1, CURRENT_TIMESTAMP, 1, CURRENT_TIMESTAMP)
GO
INSERT INTO [FunctionGroupMapping]([FunctionID], [FunctionGroupID], [CreatedBy], [CreatedOn], [UpdatedBy], [UpdatedOn]) 
   VALUES(5, 1, 1, CURRENT_TIMESTAMP, 1, CURRENT_TIMESTAMP)
GO
INSERT INTO [FunctionGroupMapping]([FunctionID], [FunctionGroupID], [CreatedBy], [CreatedOn], [UpdatedBy], [UpdatedOn]) 
   VALUES(6, 1, 1, CURRENT_TIMESTAMP, 1, CURRENT_TIMESTAMP)
GO
INSERT INTO [FunctionGroupMapping]([FunctionID], [FunctionGroupID], [CreatedBy], [CreatedOn], [UpdatedBy], [UpdatedOn]) 
   VALUES(7, 1, 1, CURRENT_TIMESTAMP, 1, CURRENT_TIMESTAMP)
GO
INSERT INTO [FunctionGroupMapping]([FunctionID], [FunctionGroupID], [CreatedBy], [CreatedOn], [UpdatedBy], [UpdatedOn]) 
   VALUES(8, 1, 1, CURRENT_TIMESTAMP, 1, CURRENT_TIMESTAMP)
GO
INSERT INTO [FunctionGroupMapping]([FunctionID], [FunctionGroupID], [CreatedBy], [CreatedOn], [UpdatedBy], [UpdatedOn]) 
   VALUES(14, 1, 1, CURRENT_TIMESTAMP, 1, CURRENT_TIMESTAMP)
GO
INSERT INTO [FunctionGroupMapping]([FunctionID], [FunctionGroupID], [CreatedBy], [CreatedOn], [UpdatedBy], [UpdatedOn]) 
   VALUES(15, 1, 1, CURRENT_TIMESTAMP, 1, CURRENT_TIMESTAMP)
GO
INSERT INTO [FunctionGroupMapping]([FunctionID], [FunctionGroupID], [CreatedBy], [CreatedOn], [UpdatedBy], [UpdatedOn]) 
   VALUES(16, 1, 1, CURRENT_TIMESTAMP, 1, CURRENT_TIMESTAMP)
GO

/*
	Compliance Exceutive 
*/
INSERT INTO [FunctionGroupMapping]([FunctionID], [FunctionGroupID], [CreatedBy], [CreatedOn], [UpdatedBy], [UpdatedOn]) 
   VALUES(1, 2, 1, CURRENT_TIMESTAMP, 1, CURRENT_TIMESTAMP)
GO
INSERT INTO [FunctionGroupMapping]([FunctionID], [FunctionGroupID], [CreatedBy], [CreatedOn], [UpdatedBy], [UpdatedOn]) 
   VALUES(2, 2, 1, CURRENT_TIMESTAMP, 1, CURRENT_TIMESTAMP)
GO
INSERT INTO [FunctionGroupMapping]([FunctionID], [FunctionGroupID], [CreatedBy], [CreatedOn], [UpdatedBy], [UpdatedOn]) 
   VALUES(3, 2, 1, CURRENT_TIMESTAMP, 1, CURRENT_TIMESTAMP)
GO
INSERT INTO [FunctionGroupMapping]([FunctionID], [FunctionGroupID], [CreatedBy], [CreatedOn], [UpdatedBy], [UpdatedOn]) 
   VALUES(4, 2, 1, CURRENT_TIMESTAMP, 1, CURRENT_TIMESTAMP)
GO
INSERT INTO [FunctionGroupMapping]([FunctionID], [FunctionGroupID], [CreatedBy], [CreatedOn], [UpdatedBy], [UpdatedOn]) 
   VALUES(5, 2, 1, CURRENT_TIMESTAMP, 1, CURRENT_TIMESTAMP)
GO
INSERT INTO [FunctionGroupMapping]([FunctionID], [FunctionGroupID], [CreatedBy], [CreatedOn], [UpdatedBy], [UpdatedOn]) 
   VALUES(6, 2, 1, CURRENT_TIMESTAMP, 1, CURRENT_TIMESTAMP)
GO
INSERT INTO [FunctionGroupMapping]([FunctionID], [FunctionGroupID], [CreatedBy], [CreatedOn], [UpdatedBy], [UpdatedOn]) 
   VALUES(7, 2, 1, CURRENT_TIMESTAMP, 1, CURRENT_TIMESTAMP)
GO
INSERT INTO [FunctionGroupMapping]([FunctionID], [FunctionGroupID], [CreatedBy], [CreatedOn], [UpdatedBy], [UpdatedOn]) 
   VALUES(8, 2, 1, CURRENT_TIMESTAMP, 1, CURRENT_TIMESTAMP)
GO
INSERT INTO [FunctionGroupMapping]([FunctionID], [FunctionGroupID], [CreatedBy], [CreatedOn], [UpdatedBy], [UpdatedOn]) 
   VALUES(14, 2, 1, CURRENT_TIMESTAMP, 1, CURRENT_TIMESTAMP)
GO
INSERT INTO [FunctionGroupMapping]([FunctionID], [FunctionGroupID], [CreatedBy], [CreatedOn], [UpdatedBy], [UpdatedOn]) 
   VALUES(15, 2, 1, CURRENT_TIMESTAMP, 1, CURRENT_TIMESTAMP)
GO
INSERT INTO [FunctionGroupMapping]([FunctionID], [FunctionGroupID], [CreatedBy], [CreatedOn], [UpdatedBy], [UpdatedOn]) 
   VALUES(16, 2, 1, CURRENT_TIMESTAMP, 1, CURRENT_TIMESTAMP)
GO
/*
	Senior Executive
*/
INSERT INTO [FunctionGroupMapping]([FunctionID], [FunctionGroupID], [CreatedBy], [CreatedOn], [UpdatedBy], [UpdatedOn]) 
   VALUES(1, 3, 1, CURRENT_TIMESTAMP, 1, CURRENT_TIMESTAMP)
GO
INSERT INTO [FunctionGroupMapping]([FunctionID], [FunctionGroupID], [CreatedBy], [CreatedOn], [UpdatedBy], [UpdatedOn]) 
   VALUES(2, 3, 1, CURRENT_TIMESTAMP, 1, CURRENT_TIMESTAMP)
GO
INSERT INTO [FunctionGroupMapping]([FunctionID], [FunctionGroupID], [CreatedBy], [CreatedOn], [UpdatedBy], [UpdatedOn]) 
   VALUES(3, 3, 1, CURRENT_TIMESTAMP, 1, CURRENT_TIMESTAMP)
GO
INSERT INTO [FunctionGroupMapping]([FunctionID], [FunctionGroupID], [CreatedBy], [CreatedOn], [UpdatedBy], [UpdatedOn]) 
   VALUES(4, 3, 1, CURRENT_TIMESTAMP, 1, CURRENT_TIMESTAMP)
GO
INSERT INTO [FunctionGroupMapping]([FunctionID], [FunctionGroupID], [CreatedBy], [CreatedOn], [UpdatedBy], [UpdatedOn]) 
   VALUES(5, 3, 1, CURRENT_TIMESTAMP, 1, CURRENT_TIMESTAMP)
GO
INSERT INTO [FunctionGroupMapping]([FunctionID], [FunctionGroupID], [CreatedBy], [CreatedOn], [UpdatedBy], [UpdatedOn]) 
   VALUES(6, 3, 1, CURRENT_TIMESTAMP, 1, CURRENT_TIMESTAMP)
GO
INSERT INTO [FunctionGroupMapping]([FunctionID], [FunctionGroupID], [CreatedBy], [CreatedOn], [UpdatedBy], [UpdatedOn]) 
   VALUES(7, 3, 1, CURRENT_TIMESTAMP, 1, CURRENT_TIMESTAMP)
GO
INSERT INTO [FunctionGroupMapping]([FunctionID], [FunctionGroupID], [CreatedBy], [CreatedOn], [UpdatedBy], [UpdatedOn]) 
   VALUES(8, 3, 1, CURRENT_TIMESTAMP, 1, CURRENT_TIMESTAMP)
GO
INSERT INTO [FunctionGroupMapping]([FunctionID], [FunctionGroupID], [CreatedBy], [CreatedOn], [UpdatedBy], [UpdatedOn]) 
   VALUES(9, 3, 1, CURRENT_TIMESTAMP, 1, CURRENT_TIMESTAMP)
GO
INSERT INTO [FunctionGroupMapping]([FunctionID], [FunctionGroupID], [CreatedBy], [CreatedOn], [UpdatedBy], [UpdatedOn]) 
   VALUES(10, 3, 1, CURRENT_TIMESTAMP, 1, CURRENT_TIMESTAMP)
GO
INSERT INTO [FunctionGroupMapping]([FunctionID], [FunctionGroupID], [CreatedBy], [CreatedOn], [UpdatedBy], [UpdatedOn]) 
   VALUES(11, 3, 1, CURRENT_TIMESTAMP, 1, CURRENT_TIMESTAMP)
GO
INSERT INTO [FunctionGroupMapping]([FunctionID], [FunctionGroupID], [CreatedBy], [CreatedOn], [UpdatedBy], [UpdatedOn]) 
   VALUES(14, 3, 1, CURRENT_TIMESTAMP, 1, CURRENT_TIMESTAMP)
GO
INSERT INTO [FunctionGroupMapping]([FunctionID], [FunctionGroupID], [CreatedBy], [CreatedOn], [UpdatedBy], [UpdatedOn]) 
   VALUES(15, 3, 1, CURRENT_TIMESTAMP, 1, CURRENT_TIMESTAMP)
GO
INSERT INTO [FunctionGroupMapping]([FunctionID], [FunctionGroupID], [CreatedBy], [CreatedOn], [UpdatedBy], [UpdatedOn]) 
   VALUES(16, 3, 1, CURRENT_TIMESTAMP, 1, CURRENT_TIMESTAMP)
GO
INSERT INTO [FunctionGroupMapping]([FunctionID], [FunctionGroupID], [CreatedBy], [CreatedOn], [UpdatedBy], [UpdatedOn]) 
   VALUES(17, 3, 1, CURRENT_TIMESTAMP, 1, CURRENT_TIMESTAMP)
GO
INSERT INTO [FunctionGroupMapping]([FunctionID], [FunctionGroupID], [CreatedBy], [CreatedOn], [UpdatedBy], [UpdatedOn]) 
   VALUES(18, 3, 1, CURRENT_TIMESTAMP, 1, CURRENT_TIMESTAMP)
GO

/*
	Compliance Analysis
*/
INSERT INTO [FunctionGroupMapping]([FunctionID], [FunctionGroupID], [CreatedBy], [CreatedOn], [UpdatedBy], [UpdatedOn]) 
   VALUES(1, 4, 1, CURRENT_TIMESTAMP, 1, CURRENT_TIMESTAMP)
GO
INSERT INTO [FunctionGroupMapping]([FunctionID], [FunctionGroupID], [CreatedBy], [CreatedOn], [UpdatedBy], [UpdatedOn]) 
   VALUES(2, 4, 1, CURRENT_TIMESTAMP, 1, CURRENT_TIMESTAMP)
GO
INSERT INTO [FunctionGroupMapping]([FunctionID], [FunctionGroupID], [CreatedBy], [CreatedOn], [UpdatedBy], [UpdatedOn]) 
   VALUES(3, 4, 1, CURRENT_TIMESTAMP, 1, CURRENT_TIMESTAMP)
GO
INSERT INTO [FunctionGroupMapping]([FunctionID], [FunctionGroupID], [CreatedBy], [CreatedOn], [UpdatedBy], [UpdatedOn]) 
   VALUES(4, 4, 1, CURRENT_TIMESTAMP, 1, CURRENT_TIMESTAMP)
GO
INSERT INTO [FunctionGroupMapping]([FunctionID], [FunctionGroupID], [CreatedBy], [CreatedOn], [UpdatedBy], [UpdatedOn]) 
   VALUES(5, 4, 1, CURRENT_TIMESTAMP, 1, CURRENT_TIMESTAMP)
GO
INSERT INTO [FunctionGroupMapping]([FunctionID], [FunctionGroupID], [CreatedBy], [CreatedOn], [UpdatedBy], [UpdatedOn]) 
   VALUES(6, 4, 1, CURRENT_TIMESTAMP, 1, CURRENT_TIMESTAMP)
GO
INSERT INTO [FunctionGroupMapping]([FunctionID], [FunctionGroupID], [CreatedBy], [CreatedOn], [UpdatedBy], [UpdatedOn]) 
   VALUES(7, 4, 1, CURRENT_TIMESTAMP, 1, CURRENT_TIMESTAMP)
GO
INSERT INTO [FunctionGroupMapping]([FunctionID], [FunctionGroupID], [CreatedBy], [CreatedOn], [UpdatedBy], [UpdatedOn]) 
   VALUES(8, 4, 1, CURRENT_TIMESTAMP, 1, CURRENT_TIMESTAMP)
GO
INSERT INTO [FunctionGroupMapping]([FunctionID], [FunctionGroupID], [CreatedBy], [CreatedOn], [UpdatedBy], [UpdatedOn]) 
   VALUES(9, 4, 1, CURRENT_TIMESTAMP, 1, CURRENT_TIMESTAMP)
GO
INSERT INTO [FunctionGroupMapping]([FunctionID], [FunctionGroupID], [CreatedBy], [CreatedOn], [UpdatedBy], [UpdatedOn]) 
   VALUES(10, 4, 1, CURRENT_TIMESTAMP, 1, CURRENT_TIMESTAMP)
GO
INSERT INTO [FunctionGroupMapping]([FunctionID], [FunctionGroupID], [CreatedBy], [CreatedOn], [UpdatedBy], [UpdatedOn]) 
   VALUES(11, 4, 1, CURRENT_TIMESTAMP, 1, CURRENT_TIMESTAMP)
GO
INSERT INTO [FunctionGroupMapping]([FunctionID], [FunctionGroupID], [CreatedBy], [CreatedOn], [UpdatedBy], [UpdatedOn]) 
   VALUES(12, 4, 1, CURRENT_TIMESTAMP, 1, CURRENT_TIMESTAMP)
GO
INSERT INTO [FunctionGroupMapping]([FunctionID], [FunctionGroupID], [CreatedBy], [CreatedOn], [UpdatedBy], [UpdatedOn]) 
   VALUES(13, 4, 1, CURRENT_TIMESTAMP, 1, CURRENT_TIMESTAMP)
GO
INSERT INTO [FunctionGroupMapping]([FunctionID], [FunctionGroupID], [CreatedBy], [CreatedOn], [UpdatedBy], [UpdatedOn]) 
   VALUES(14, 4, 1, CURRENT_TIMESTAMP, 1, CURRENT_TIMESTAMP)
GO
INSERT INTO [FunctionGroupMapping]([FunctionID], [FunctionGroupID], [CreatedBy], [CreatedOn], [UpdatedBy], [UpdatedOn]) 
   VALUES(15, 4, 1, CURRENT_TIMESTAMP, 1, CURRENT_TIMESTAMP)
GO
INSERT INTO [FunctionGroupMapping]([FunctionID], [FunctionGroupID], [CreatedBy], [CreatedOn], [UpdatedBy], [UpdatedOn]) 
   VALUES(16, 4, 1, CURRENT_TIMESTAMP, 1, CURRENT_TIMESTAMP)
GO
INSERT INTO [FunctionGroupMapping]([FunctionID], [FunctionGroupID], [CreatedBy], [CreatedOn], [UpdatedBy], [UpdatedOn]) 
   VALUES(17, 4, 1, CURRENT_TIMESTAMP, 1, CURRENT_TIMESTAMP)
GO

/*
	Departmental Heads
*/
INSERT INTO [FunctionGroupMapping]([FunctionID], [FunctionGroupID], [CreatedBy], [CreatedOn], [UpdatedBy], [UpdatedOn]) 
   VALUES(1, 5, 1, CURRENT_TIMESTAMP, 1, CURRENT_TIMESTAMP)
GO
INSERT INTO [FunctionGroupMapping]([FunctionID], [FunctionGroupID], [CreatedBy], [CreatedOn], [UpdatedBy], [UpdatedOn]) 
   VALUES(2, 5, 1, CURRENT_TIMESTAMP, 1, CURRENT_TIMESTAMP)
GO
INSERT INTO [FunctionGroupMapping]([FunctionID], [FunctionGroupID], [CreatedBy], [CreatedOn], [UpdatedBy], [UpdatedOn]) 
   VALUES(3, 5, 1, CURRENT_TIMESTAMP, 1, CURRENT_TIMESTAMP)
GO
INSERT INTO [FunctionGroupMapping]([FunctionID], [FunctionGroupID], [CreatedBy], [CreatedOn], [UpdatedBy], [UpdatedOn]) 
   VALUES(4, 5, 1, CURRENT_TIMESTAMP, 1, CURRENT_TIMESTAMP)
GO
INSERT INTO [FunctionGroupMapping]([FunctionID], [FunctionGroupID], [CreatedBy], [CreatedOn], [UpdatedBy], [UpdatedOn]) 
   VALUES(5, 5, 1, CURRENT_TIMESTAMP, 1, CURRENT_TIMESTAMP)
GO
INSERT INTO [FunctionGroupMapping]([FunctionID], [FunctionGroupID], [CreatedBy], [CreatedOn], [UpdatedBy], [UpdatedOn]) 
   VALUES(6, 5, 1, CURRENT_TIMESTAMP, 1, CURRENT_TIMESTAMP)
GO
INSERT INTO [FunctionGroupMapping]([FunctionID], [FunctionGroupID], [CreatedBy], [CreatedOn], [UpdatedBy], [UpdatedOn]) 
   VALUES(7, 5, 1, CURRENT_TIMESTAMP, 1, CURRENT_TIMESTAMP)
GO
INSERT INTO [FunctionGroupMapping]([FunctionID], [FunctionGroupID], [CreatedBy], [CreatedOn], [UpdatedBy], [UpdatedOn]) 
   VALUES(8, 5, 1, CURRENT_TIMESTAMP, 1, CURRENT_TIMESTAMP)
GO
INSERT INTO [FunctionGroupMapping]([FunctionID], [FunctionGroupID], [CreatedBy], [CreatedOn], [UpdatedBy], [UpdatedOn]) 
   VALUES(9, 5, 1, CURRENT_TIMESTAMP, 1, CURRENT_TIMESTAMP)
GO
INSERT INTO [FunctionGroupMapping]([FunctionID], [FunctionGroupID], [CreatedBy], [CreatedOn], [UpdatedBy], [UpdatedOn]) 
   VALUES(10, 5, 1, CURRENT_TIMESTAMP, 1, CURRENT_TIMESTAMP)
GO
INSERT INTO [FunctionGroupMapping]([FunctionID], [FunctionGroupID], [CreatedBy], [CreatedOn], [UpdatedBy], [UpdatedOn]) 
   VALUES(11, 5, 1, CURRENT_TIMESTAMP, 1, CURRENT_TIMESTAMP)
GO
INSERT INTO [FunctionGroupMapping]([FunctionID], [FunctionGroupID], [CreatedBy], [CreatedOn], [UpdatedBy], [UpdatedOn]) 
   VALUES(12, 5, 1, CURRENT_TIMESTAMP, 1, CURRENT_TIMESTAMP)
GO
INSERT INTO [FunctionGroupMapping]([FunctionID], [FunctionGroupID], [CreatedBy], [CreatedOn], [UpdatedBy], [UpdatedOn]) 
   VALUES(13, 5, 1, CURRENT_TIMESTAMP, 1, CURRENT_TIMESTAMP)
GO
INSERT INTO [FunctionGroupMapping]([FunctionID], [FunctionGroupID], [CreatedBy], [CreatedOn], [UpdatedBy], [UpdatedOn]) 
   VALUES(14, 5, 1, CURRENT_TIMESTAMP, 1, CURRENT_TIMESTAMP)
GO
INSERT INTO [FunctionGroupMapping]([FunctionID], [FunctionGroupID], [CreatedBy], [CreatedOn], [UpdatedBy], [UpdatedOn]) 
   VALUES(15, 5, 1, CURRENT_TIMESTAMP, 1, CURRENT_TIMESTAMP)
GO
INSERT INTO [FunctionGroupMapping]([FunctionID], [FunctionGroupID], [CreatedBy], [CreatedOn], [UpdatedBy], [UpdatedOn]) 
   VALUES(16, 5, 1, CURRENT_TIMESTAMP, 1, CURRENT_TIMESTAMP)
GO
INSERT INTO [FunctionGroupMapping]([FunctionID], [FunctionGroupID], [CreatedBy], [CreatedOn], [UpdatedBy], [UpdatedOn]) 
   VALUES(17, 5, 1, CURRENT_TIMESTAMP, 1, CURRENT_TIMESTAMP)
GO
INSERT INTO [FunctionGroupMapping]([FunctionID], [FunctionGroupID], [CreatedBy], [CreatedOn], [UpdatedBy], [UpdatedOn]) 
   VALUES(18, 5, 1, CURRENT_TIMESTAMP, 1, CURRENT_TIMESTAMP)
GO

/*
	Operation Oversight
*/
INSERT INTO [FunctionGroupMapping]([FunctionID], [FunctionGroupID], [CreatedBy], [CreatedOn], [UpdatedBy], [UpdatedOn]) 
   VALUES(11, 6, 1, CURRENT_TIMESTAMP, 1, CURRENT_TIMESTAMP)
GO
INSERT INTO [FunctionGroupMapping]([FunctionID], [FunctionGroupID], [CreatedBy], [CreatedOn], [UpdatedBy], [UpdatedOn]) 
   VALUES(18, 6, 1, CURRENT_TIMESTAMP, 1, CURRENT_TIMESTAMP)
GO

/*-------------------------------------------- RoleFunctionGroupMapping seed data ----------------------------------------*/

INSERT INTO [RoleFunctionGroupMapping]([RoleID], [FunctionGroupID], [CreatedBy], [CreatedOn], [UpdatedBy], [UpdatedOn]) 
    VALUES(1, 5, 1,CURRENT_TIMESTAMP, 1, CURRENT_TIMESTAMP)
GO
INSERT INTO [RoleFunctionGroupMapping]([RoleID], [FunctionGroupID], [CreatedBy], [CreatedOn], [UpdatedBy], [UpdatedOn]) 
    VALUES(2, 4, 1,CURRENT_TIMESTAMP, 1, CURRENT_TIMESTAMP)
GO
INSERT INTO [RoleFunctionGroupMapping]([RoleID], [FunctionGroupID], [CreatedBy], [CreatedOn], [UpdatedBy], [UpdatedOn]) 
    VALUES(3, 3, 1,CURRENT_TIMESTAMP, 1, CURRENT_TIMESTAMP)
GO
INSERT INTO [RoleFunctionGroupMapping]([RoleID], [FunctionGroupID], [CreatedBy], [CreatedOn], [UpdatedBy], [UpdatedOn]) 
    VALUES(4, 2, 1,CURRENT_TIMESTAMP, 1, CURRENT_TIMESTAMP)
GO
INSERT INTO [RoleFunctionGroupMapping]([RoleID], [FunctionGroupID], [CreatedBy], [CreatedOn], [UpdatedBy], [UpdatedOn]) 
    VALUES(5, 1, 1,CURRENT_TIMESTAMP, 1, CURRENT_TIMESTAMP)
GO
INSERT INTO [RoleFunctionGroupMapping]([RoleID], [FunctionGroupID], [CreatedBy], [CreatedOn], [UpdatedBy], [UpdatedOn]) 
    VALUES(6, 6, 1,CURRENT_TIMESTAMP, 1, CURRENT_TIMESTAMP)
GO

/*-----------------------------------------------------Organization Seed Data----------------------------------- --*/

INSERT INTO [Organization]( [Code], [Name], [Locked], [Deleted], [CreatedBy], [CreatedOn], [UpdatedBy], [UpdatedOn]) 
    VALUES('TorFX', 'TorFX', 'false', 'false', 1, CURRENT_TIMESTAMP, 1, CURRENT_TIMESTAMP)
GO
INSERT INTO [Organization]( [Code], [Name], [Locked], [Deleted], [CreatedBy], [CreatedOn], [UpdatedBy], [UpdatedOn]) 
    VALUES('Currencies Direct', 'Currencies Direct', 'false', 'false', 1, CURRENT_TIMESTAMP, 1, CURRENT_TIMESTAMP)
GO
INSERT INTO [Organization]([Code], [Name], [Locked], [Deleted], [CreatedBy], [CreatedOn], [UpdatedBy], [UpdatedOn]) 
    VALUES('TorFXOz', 'TorFXOz', 'false', 'false', 1, CURRENT_TIMESTAMP, 1, CURRENT_TIMESTAMP)
GO
INSERT INTO [Organization]([Code], [Name], [Locked], [Deleted], [CreatedBy], [CreatedOn], [UpdatedBy], [UpdatedOn]) 
    VALUES('CD SA', 'CD SA', 'false', 'false', 1, CURRENT_TIMESTAMP, 1, CURRENT_TIMESTAMP)
GO

/*-----------------------------------------------------AccountComplianceStatusEnum Seed Data----------------------------------- --*/


INSERT INTO [AccountComplianceStatusEnum]([Status], [Description], [FundsInAllowed], [FundsOutAllowed],[CreatedBy], [CreatedOn], [UpdatedBy], [UpdatedOn]) 
    VALUES('ACTIVE','Account compliance Success', 1, 1,1, CURRENT_TIMESTAMP, 1, CURRENT_TIMESTAMP)
GO

INSERT INTO [AccountComplianceStatusEnum]([Status], [Description], [FundsInAllowed], [FundsOutAllowed],[CreatedBy], [CreatedOn], [UpdatedBy], [UpdatedOn]) 
    VALUES('NOT_PERFORMED','Account compliance not done', 0, 0,1, CURRENT_TIMESTAMP, 1, CURRENT_TIMESTAMP)
GO
INSERT INTO [AccountComplianceStatusEnum]([Status], [Description], [FundsInAllowed], [FundsOutAllowed],[CreatedBy], [CreatedOn], [UpdatedBy], [UpdatedOn]) 
    VALUES('IN_QUEUE','Account compliance Failed', 0, 0,1, CURRENT_TIMESTAMP, 1, CURRENT_TIMESTAMP)
GO
INSERT INTO [AccountComplianceStatusEnum]([Status], [Description], [FundsInAllowed], [FundsOutAllowed],[CreatedBy], [CreatedOn], [UpdatedBy], [UpdatedOn]) 
    VALUES('INACTIVE','Account compliance Failed', 0, 0,1, CURRENT_TIMESTAMP, 1, CURRENT_TIMESTAMP)
GO
INSERT INTO [AccountComplianceStatusEnum]([Status], [Description], [FundsInAllowed], [FundsOutAllowed],[CreatedBy], [CreatedOn], [UpdatedBy], [UpdatedOn]) 
    VALUES('REJECTED','Account compliance Failed', 0, 0,1, CURRENT_TIMESTAMP, 1, CURRENT_TIMESTAMP)
GO


/*-----------------------------------------------------ContactComplianceStatusEnum Seed Data----------------------------------- --*/

INSERT INTO [ContactComplianceStatusEnum ]([Status], [Description], [CreatedBy], [CreatedOn], [UpdatedBy], [UpdatedOn]) 
    VALUES('ACTIVE', 'Contact compliance Success', 1, CURRENT_TIMESTAMP, 1, CURRENT_TIMESTAMP)
GO

INSERT INTO [ContactComplianceStatusEnum ]([Status], [Description], [CreatedBy], [CreatedOn], [UpdatedBy], [UpdatedOn]) 
    VALUES('NOT_PERFORMED', 'Contact compliance Failed', 1, CURRENT_TIMESTAMP, 1, CURRENT_TIMESTAMP)
GO
INSERT INTO [ContactComplianceStatusEnum ]([Status], [Description], [CreatedBy], [CreatedOn], [UpdatedBy], [UpdatedOn]) 
    VALUES('IN_QUEUE', 'Contact compliance Failed', 1, CURRENT_TIMESTAMP, 1, CURRENT_TIMESTAMP)
GO
INSERT INTO [ContactComplianceStatusEnum ]([Status], [Description], [CreatedBy], [CreatedOn], [UpdatedBy], [UpdatedOn]) 
    VALUES('INACTIVE', 'Contact compliance Failed', 1, CURRENT_TIMESTAMP, 1, CURRENT_TIMESTAMP)
GO
INSERT INTO [ContactComplianceStatusEnum ]([Status], [Description], [CreatedBy], [CreatedOn], [UpdatedBy], [UpdatedOn]) 
    VALUES('REJECTED', 'Contact compliance Failed', 1, CURRENT_TIMESTAMP, 1, CURRENT_TIMESTAMP)
GO



/*------------------------------------------- EventTypeEnum seed data ------------------------ */
INSERT INTO [EventTypeEnum]([Type], [CreatedBy], [CreatedOn]) 
    VALUES('PROFILE_NEW_REGISTRATION', 1, CURRENT_TIMESTAMP)
GO
INSERT INTO [EventTypeEnum]([Type], [CreatedBy], [CreatedOn]) 
    VALUES('PROFILE_ADD_CONTACT', 1, CURRENT_TIMESTAMP)
GO
INSERT INTO [EventTypeEnum]([Type], [CreatedBy], [CreatedOn]) 
    VALUES('PROFILE_UPDATE_ACCOUNT', 1, CURRENT_TIMESTAMP)
GO
INSERT INTO [EventTypeEnum]([Type], [CreatedBy], [CreatedOn]) 
    VALUES('PROFILE_KYC_RESEND', 1, CURRENT_TIMESTAMP)
GO
INSERT INTO [EventTypeEnum]([Type], [CreatedBy], [CreatedOn]) 
    VALUES('PROFILE_SANCTION_RESEND', 1, CURRENT_TIMESTAMP)
GO
INSERT INTO [EventTypeEnum]([Type], [CreatedBy], [CreatedOn]) 
    VALUES('FUNDSIN', 1, CURRENT_TIMESTAMP)
GO
INSERT INTO [EventTypeEnum]([Type], [CreatedBy], [CreatedOn]) 
    VALUES('FUNDSOUT_CREATE', 1, CURRENT_TIMESTAMP)
GO
INSERT INTO [EventTypeEnum]([Type], [CreatedBy], [CreatedOn]) 
    VALUES('FUNDSOUT_UPDATE', 1, CURRENT_TIMESTAMP)
GO
INSERT INTO [EventTypeEnum]([Type], [CreatedBy], [CreatedOn]) 
    VALUES('FUNDSOUT_DELETE', 1, CURRENT_TIMESTAMP)
GO
INSERT INTO [EventTypeEnum]([Type], [CreatedBy], [CreatedOn]) 
    VALUES('FUNDSOUT_SANCTION_RESEND', 1, CURRENT_TIMESTAMP)
GO
INSERT INTO [EventTypeEnum]([Type], [CreatedBy], [CreatedOn]) 
    VALUES('FUNDSOUT_CUSTOMCHECK_RESEND', 1, CURRENT_TIMESTAMP)
GO
INSERT INTO [EventTypeEnum]([Type], [CreatedBy], [CreatedOn]) 
    VALUES('FUNDSIN_CUSTOMCHECK_RESEND', 1, CURRENT_TIMESTAMP)
GO
INSERT INTO [EventTypeEnum]([Type], [CreatedBy], [CreatedOn]) 
    VALUES('FUNDSIN_SANCTION_RESEND', 1, CURRENT_TIMESTAMP)
GO

/*------------------------------------------- Compliance_ServiceTypeEnum ------------------------ */
INSERT INTO [Compliance_ServiceTypeEnum]([Code], [CreatedBy], [CreatedOn], [UpdatedBy], [UpdatedOn]) 
    VALUES('KYC', 1, CURRENT_TIMESTAMP, 1, CURRENT_TIMESTAMP)
GO
INSERT INTO [Compliance_ServiceTypeEnum]([Code], [CreatedBy], [CreatedOn], [UpdatedBy], [UpdatedOn]) 
    VALUES('INTERNALRULESERVICE', 1, CURRENT_TIMESTAMP, 1, CURRENT_TIMESTAMP)
GO
INSERT INTO [Compliance_ServiceTypeEnum]([Code], [CreatedBy], [CreatedOn], [UpdatedBy], [UpdatedOn]) 
    VALUES('BLACKLIST', 1, CURRENT_TIMESTAMP, 1, CURRENT_TIMESTAMP)
GO
INSERT INTO [Compliance_ServiceTypeEnum]([Code], [CreatedBy], [CreatedOn], [UpdatedBy], [UpdatedOn]) 
    VALUES('IP', 1, CURRENT_TIMESTAMP, 1, CURRENT_TIMESTAMP)
GO
INSERT INTO [Compliance_ServiceTypeEnum]([Code], [CreatedBy], [CreatedOn], [UpdatedBy], [UpdatedOn]) 
    VALUES('GLOBALCHECK', 1, CURRENT_TIMESTAMP, 1, CURRENT_TIMESTAMP)
GO
INSERT INTO [Compliance_ServiceTypeEnum]([Code], [CreatedBy], [CreatedOn], [UpdatedBy], [UpdatedOn]) 
    VALUES('FRAUGSTER', 1, CURRENT_TIMESTAMP, 1, CURRENT_TIMESTAMP)
GO
INSERT INTO [Compliance_ServiceTypeEnum]([Code], [CreatedBy], [CreatedOn], [UpdatedBy], [UpdatedOn]) 
    VALUES('SANCTION', 1, CURRENT_TIMESTAMP, 1, CURRENT_TIMESTAMP)
GO
INSERT INTO [Compliance_ServiceTypeEnum]([Code], [CreatedBy], [CreatedOn], [UpdatedBy], [UpdatedOn]) 
    VALUES( 'COUNTRYCHECK', 1, CURRENT_TIMESTAMP, 1, CURRENT_TIMESTAMP)
GO
INSERT INTO [Compliance_ServiceTypeEnum]([Code], [CreatedBy], [CreatedOn], [UpdatedBy], [UpdatedOn]) 
    VALUES( 'VELOCITYCHECK', 1, CURRENT_TIMESTAMP, 1, CURRENT_TIMESTAMP)
GO
INSERT INTO [Compliance_ServiceTypeEnum]([Code], [CreatedBy], [CreatedOn], [UpdatedBy], [UpdatedOn]) 
    VALUES( 'MQ', 1, CURRENT_TIMESTAMP, 1, CURRENT_TIMESTAMP)
GO
INSERT INTO [Compliance_ServiceTypeEnum]([Code], [CreatedBy], [CreatedOn], [UpdatedBy], [UpdatedOn]) 
    VALUES( 'CARDFRAUDSCORE', 1, CURRENT_TIMESTAMP, 1, CURRENT_TIMESTAMP)
GO

/*------------------------------------------- Compliance_ServiceProvider ------------------------ */
INSERT INTO [Compliance_ServiceProvider]([ServiceType], [Code], [Name], [Internal], [CreatedBy], [CreatedOn], [UpdatedBy], [UpdatedOn]) 
    VALUES((SELECT ID FROM Compliance_ServiceTypeEnum WHERE Code='KYC'), 'KYC_SERVICE', 'checkKyc', 1, 1, CURRENT_TIMESTAMP, 1, CURRENT_TIMESTAMP)
GO
INSERT INTO [Compliance_ServiceProvider]([ServiceType], [Code], [Name], [Internal], [CreatedBy], [CreatedOn], [UpdatedBy], [UpdatedOn])
    VALUES((SELECT ID FROM Compliance_ServiceTypeEnum WHERE Code='KYC'),'LEXISNEXIS', 'InstantID International 2', 0, 1, CURRENT_TIMESTAMP, 1, CURRENT_TIMESTAMP)
GO
INSERT INTO [Compliance_ServiceProvider]([ServiceType], [Code], [Name], [Internal], [CreatedBy], [CreatedOn], [UpdatedBy], [UpdatedOn])
    VALUES((SELECT ID FROM Compliance_ServiceTypeEnum WHERE Code='KYC'),'GBGROUP', 'AuthenticateSP', 0, 1, CURRENT_TIMESTAMP, 1, CURRENT_TIMESTAMP)
GO
INSERT INTO [Compliance_ServiceProvider]([ServiceType], [Code], [Name], [Internal], [CreatedBy], [CreatedOn], [UpdatedBy], [UpdatedOn]) 
    VALUES((SELECT ID FROM Compliance_ServiceTypeEnum WHERE Code='INTERNALRULESERVICE'), 'INTERNAL_RULE_SERVICE', 'checkRegistration', 1, 1, CURRENT_TIMESTAMP, 1, CURRENT_TIMESTAMP)
GO
INSERT INTO [Compliance_ServiceProvider]([ServiceType], [Code], [Name], [Internal], [CreatedBy], [CreatedOn], [UpdatedBy], [UpdatedOn]) 
    VALUES((SELECT ID FROM Compliance_ServiceTypeEnum WHERE Code='BLACKLIST'), 'BLACKLIST', 'internalrule-service', 1, 1, CURRENT_TIMESTAMP, 1, CURRENT_TIMESTAMP)
GO
INSERT INTO [Compliance_ServiceProvider]([ServiceType], [Code], [Name], [Internal], [CreatedBy], [CreatedOn], [UpdatedBy], [UpdatedOn]) 
    VALUES((SELECT ID FROM Compliance_ServiceTypeEnum WHERE Code='IP'), 'IP', 'internalrule-service', 1, 1, CURRENT_TIMESTAMP, 1, CURRENT_TIMESTAMP)
GO
INSERT INTO [Compliance_ServiceProvider]([ServiceType], [Code], [Name], [Internal], [CreatedBy], [CreatedOn], [UpdatedBy], [UpdatedOn]) 
     VALUES((SELECT ID FROM Compliance_ServiceTypeEnum WHERE Code='IP'),'CHECK_IP_POSTCODE', 'EnterPriseService checkIp postcode', 0, 1, CURRENT_TIMESTAMP, 1, CURRENT_TIMESTAMP)
GO
INSERT INTO [Compliance_ServiceProvider]([ServiceType], [Code], [Name], [Internal], [CreatedBy], [CreatedOn], [UpdatedBy], [UpdatedOn]) 
     VALUES((SELECT ID FROM Compliance_ServiceTypeEnum WHERE Code='IP'),'GET_IP_DETAILS', 'EnterPriseService getIp details', 0, 1, CURRENT_TIMESTAMP, 1, CURRENT_TIMESTAMP)
GO
INSERT INTO [Compliance_ServiceProvider]([ServiceType], [Code], [Name], [Internal], [CreatedBy], [CreatedOn], [UpdatedBy], [UpdatedOn]) 
    VALUES((SELECT ID FROM Compliance_ServiceTypeEnum WHERE Code='GLOBALCHECK'), 'GLOBALCHECK', 'internalrule-service', 1, 1, CURRENT_TIMESTAMP, 1, CURRENT_TIMESTAMP)
GO
INSERT INTO [Compliance_ServiceProvider]([ServiceType], [Code], [Name], [Internal], [CreatedBy], [CreatedOn], [UpdatedBy], [UpdatedOn]) 
    VALUES((SELECT ID FROM Compliance_ServiceTypeEnum WHERE Code='FRAUGSTER'), 'FRAUGSTER_SIGNUP_SERVICE', 'fraudDetection_signup', 1, 1, CURRENT_TIMESTAMP, 1, CURRENT_TIMESTAMP)
GO
INSERT INTO [Compliance_ServiceProvider]([ServiceType], [Code], [Name], [Internal], [CreatedBy], [CreatedOn], [UpdatedBy], [UpdatedOn]) 
    VALUES((SELECT ID FROM Compliance_ServiceTypeEnum WHERE Code='FRAUGSTER'), 'FRAUGSTER_ONUPDATE_SERVICE', 'fraudDetection_onUpdate', 1, 1, CURRENT_TIMESTAMP, 1, CURRENT_TIMESTAMP)
GO
INSERT INTO [Compliance_ServiceProvider]([ServiceType], [Code], [Name], [Internal], [CreatedBy], [CreatedOn], [UpdatedBy], [UpdatedOn]) 
    VALUES((SELECT ID FROM Compliance_ServiceTypeEnum WHERE Code='FRAUGSTER'), 'FRAUGSTER_FUNDSOUT_SERVICE', 'fraudDetection_fundsOut', 1, 1, CURRENT_TIMESTAMP, 1, CURRENT_TIMESTAMP)
GO
INSERT INTO [Compliance_ServiceProvider]([ServiceType], [Code], [Name], [Internal], [CreatedBy], [CreatedOn], [UpdatedBy], [UpdatedOn]) 
    VALUES((SELECT ID FROM Compliance_ServiceTypeEnum WHERE Code='FRAUGSTER'), 'FRAUGSTER_FUNDSIN_SERVICE', 'fraudDetection_fundsIn', 1, 1, CURRENT_TIMESTAMP, 1, CURRENT_TIMESTAMP)
GO
INSERT INTO [Compliance_ServiceProvider]([ServiceType], [Code], [Name], [Internal], [CreatedBy], [CreatedOn], [UpdatedBy], [UpdatedOn]) 
    VALUES((SELECT ID FROM Compliance_ServiceTypeEnum WHERE Code='FRAUGSTER'),'FRAUGSTER_LOGIN_LOGOUT', 'Identity fraud detection Login/logout Api', 0, 1, CURRENT_TIMESTAMP, 1, CURRENT_TIMESTAMP)
GO
INSERT INTO [Compliance_ServiceProvider]([ServiceType], [Code], [Name], [Internal], [CreatedBy], [CreatedOn], [UpdatedBy], [UpdatedOn]) 
    VALUES((SELECT ID FROM Compliance_ServiceTypeEnum WHERE Code='FRAUGSTER'), 'FRAUGSTER_TRANSACTION', 'Identity fraud detection transaction Api', 0, 1, CURRENT_TIMESTAMP, 1, CURRENT_TIMESTAMP)
GO
INSERT INTO [Compliance_ServiceProvider]([ServiceType], [Code], [Name], [Internal], [CreatedBy], [CreatedOn], [UpdatedBy], [UpdatedOn]) 
    VALUES((SELECT ID FROM Compliance_ServiceTypeEnum WHERE Code='SANCTION'), 'SANCTION_SERVICE', 'checkSanctions', 1, 1, CURRENT_TIMESTAMP, 1, CURRENT_TIMESTAMP)
GO
INSERT INTO [Compliance_ServiceProvider]([ServiceType], [Code], [Name], [Internal], [CreatedBy], [CreatedOn], [UpdatedBy], [UpdatedOn]) 
    VALUES((SELECT ID FROM Compliance_ServiceTypeEnum WHERE Code='SANCTION'), 'FINSCAN', 'SLLookupMulti and getStatus', 0, 1, CURRENT_TIMESTAMP, 1, CURRENT_TIMESTAMP)
GO
INSERT INTO [Compliance_ServiceProvider]([ServiceType], [Code], [Name], [Internal], [CreatedBy], [CreatedOn], [UpdatedBy], [UpdatedOn]) 
    VALUES((SELECT ID FROM Compliance_ServiceTypeEnum WHERE Code='COUNTRYCHECK'), 'COUNTRYCHECK', 'internalrule-service', 1, 1, CURRENT_TIMESTAMP, 1, CURRENT_TIMESTAMP)
GO
INSERT INTO [Compliance_ServiceProvider]([ServiceType], [Code], [Name], [Internal], [CreatedBy], [CreatedOn], [UpdatedBy], [UpdatedOn]) 
    VALUES((SELECT ID FROM Compliance_ServiceTypeEnum WHERE Code='VELOCITYCHECK'), 'VELOCITY_PERFORM_CHECK', 'performcheck', 1, 1, CURRENT_TIMESTAMP, 1, CURRENT_TIMESTAMP)
GO
INSERT INTO [Compliance_ServiceProvider]([ServiceType], [Code], [Name], [Internal], [CreatedBy], [CreatedOn], [UpdatedBy], [UpdatedOn]) 
    VALUES((SELECT ID FROM Compliance_ServiceTypeEnum WHERE Code='VELOCITYCHECK'), 'VELOCITY_REPEAT_CHECK', 'repeatCheck', 1, 1, CURRENT_TIMESTAMP, 1, CURRENT_TIMESTAMP)
GO
INSERT INTO [Compliance_ServiceProvider]([ServiceType], [Code], [Name], [Internal], [CreatedBy], [CreatedOn], [UpdatedBy], [UpdatedOn]) 
    VALUES((SELECT ID FROM Compliance_ServiceTypeEnum WHERE Code='VELOCITYCHECK'), 'WHITELIST_UPDATE', 'update whitelist data', 1, 1, CURRENT_TIMESTAMP, 1, CURRENT_TIMESTAMP)
GO
INSERT INTO [Compliance_ServiceProvider]([ServiceType], [Code], [Name], [Internal], [CreatedBy], [CreatedOn], [UpdatedBy], [UpdatedOn]) 
    VALUES((SELECT ID FROM Compliance_ServiceTypeEnum WHERE Code='VELOCITYCHECK'), 'ELASTIC', 'elastic instance', 0, 1, CURRENT_TIMESTAMP, 1, CURRENT_TIMESTAMP)
GO
INSERT INTO [Compliance_ServiceProvider]([ServiceType], [Code], [Name], [Internal], [CreatedBy], [CreatedOn], [UpdatedBy], [UpdatedOn]) 
    VALUES((SELECT ID FROM Compliance_ServiceTypeEnum WHERE Code='MQ'), 'MQ_SERVICE', 'EnterPrise Service Push CompStatus', 1, 1, CURRENT_TIMESTAMP, 1, CURRENT_TIMESTAMP)
GO
INSERT INTO [Compliance_ServiceProvider]([ServiceType], [Code], [Name], [Internal], [CreatedBy], [CreatedOn], [UpdatedBy], [UpdatedOn]) 
    VALUES((SELECT ID FROM Compliance_ServiceTypeEnum WHERE Code='CARDFRAUDSCORE'), 'CARDFRAUDSCORE', 'Check Payment Card fraud score', 1, 1, CURRENT_TIMESTAMP, 1, CURRENT_TIMESTAMP)
GO
INSERT INTO [Compliance_ServiceProvider]([ServiceType], [Code], [Name], [Internal], [CreatedBy], [CreatedOn], [UpdatedBy], [UpdatedOn])
    VALUES((SELECT ID FROM Compliance_ServiceTypeEnum WHERE Code='KYC'),'CALLCREDIT', 'Call Credit', 0, 1, CURRENT_TIMESTAMP, 1, CURRENT_TIMESTAMP)
GO
INSERT INTO [Compliance_ServiceProvider]([ServiceType], [Code], [Name], [Internal], [CreatedBy], [CreatedOn], [UpdatedBy], [UpdatedOn]) 
    VALUES((SELECT ID FROM Compliance_ServiceTypeEnum WHERE Code='SANCTION'), 'TRUTHTECHNOLOGIES', 'Truth Technologies', 0, 1, CURRENT_TIMESTAMP, 1, CURRENT_TIMESTAMP)
GO
/*------------------------------------------- Compliance_ServiceProviderAttribute seed data ------------------------ */

INSERT INTO [Compliance_ServiceProviderAttribute]([ID], [Attribute], [CreatedBy], [CreatedOn], [UpdatedBy], [UpdatedOn]) 
    VALUES((SELECT ID FROM Compliance_ServiceProvider WHERE Code='KYC_SERVICE'), '{"requestType":"CHECK_KYC","endpointUrl":"http://172.31.4.141:8080/kyc-service/checkkyc"}', 1, CURRENT_TIMESTAMP, 1, CURRENT_TIMESTAMP)
GO
INSERT INTO [Compliance_ServiceProviderAttribute]([ID], [Attribute], [CreatedBy], [CreatedOn], [UpdatedBy], [UpdatedOn]) 
    VALUES((SELECT ID FROM Compliance_ServiceProvider WHERE Code='LEXISNEXIS'), '{"endPointUrl":"https://wsonline.seisint.com/WsIdentity?ver_=1.77","qname":"http://docs.oasis-open.org/wss/2004/01/oasis-200401-wss-wssecurity-secext-1.0.xsd","userName":"CURDIRXML","passWord":"B5967t33","socketTimeoutMillis":25000,"connectionTimeoutMillis":25000}', 1, CURRENT_TIMESTAMP, 1, CURRENT_TIMESTAMP)
GO

INSERT INTO [Compliance_ServiceProviderAttribute]([ID], [Attribute], [CreatedBy], [CreatedOn], [UpdatedBy], [UpdatedOn]) 
    VALUES((SELECT ID FROM Compliance_ServiceProvider WHERE Code='GBGROUP'), '{"endPointUrl":"https://pilot.id3global.com/ID3gWS/ID3global.svc/Soap11_Auth","qname":"http://docs.oasis-open.org/wss/2004/01/oasis-200401-wss-wssecurity-secext-1.0.xsd","userName":"admin2@currenciesdirect.com","passWord":"Currencies2016!!","profileVersionIDList":[{"country":"UNITED KINGDOM","id":"49693f46-adf1-4d23-99ed-b0c9ac9a41cb"},{"country":"DENMARK","id":"fd68ba1e-d392-4356-8cef-888c91f1c425"},{"country":"SWITZERLAND","id":"d375bc86-076e-4a2a-91f3-268b5e5d51b7"},{"country":"GERMANY","id":"67057787-b24a-40bb-8aff-8106fa9cf1e9"},{"country":"NETHERLANDS","id":"ee35856f-dabe-4f80-82f3-bbad0639301b"},{"country":"SPAIN","id":"f7248eed-e3ef-47c6-a92b-052bce97a960"},{"country":"SWEDEN","id":"1616b0ac-cfc0-4141-a668-3b4a4bf712ea"},{"country":"NORWAY","id":"35708e11-c343-4dd4-b106-d3e492462d21"}],"socketTimeoutMillis":25000,"connectionTimeoutMillis":25000}', 1, CURRENT_TIMESTAMP, 1, CURRENT_TIMESTAMP)
GO

INSERT INTO [Compliance_ServiceProviderAttribute]([ID], [Attribute], [CreatedBy], [CreatedOn], [UpdatedBy], [UpdatedOn]) 
    VALUES((SELECT ID FROM Compliance_ServiceProvider WHERE Code='INTERNAL_RULE_SERVICE'), '{"requestType":"INTERNAL_RULE_SERVICE","endpointUrl":"http://172.31.4.141:8080/internalrule-service/checkRegistration"}', 1, CURRENT_TIMESTAMP, 1, CURRENT_TIMESTAMP)
GO
INSERT INTO [Compliance_ServiceProviderAttribute]([ID], [Attribute], [CreatedBy], [CreatedOn], [UpdatedBy], [UpdatedOn]) 
    VALUES((SELECT ID FROM Compliance_ServiceProvider WHERE Code='CHECK_IP_POSTCODE'), '{"endPointUrl":"http://172.31.4.10:8080/es-restfulinterface/rest/ipservice/ipAndPostcodeDistanceCheck","threeSholdScore":200.0,"socketTimeoutMillis":6000,"connectionTimeoutMillis":6000}',1,CURRENT_TIMESTAMP,1,CURRENT_TIMESTAMP)
GO
INSERT INTO [Compliance_ServiceProviderAttribute]([ID], [Attribute], [CreatedBy], [CreatedOn], [UpdatedBy], [UpdatedOn]) 
    VALUES((SELECT ID FROM Compliance_ServiceProvider WHERE Code='GET_IP_DETAILS'), '{"endPointUrl":"http://172.31.4.10:8080/es-restfulinterface/rest/ipservice/getiplatitudelongititude","threeSholdScore":200.0,"socketTimeoutMillis":6000,"connectionTimeoutMillis":6000}',1,CURRENT_TIMESTAMP,1,CURRENT_TIMESTAMP)
GO

INSERT INTO [Compliance_ServiceProviderAttribute]([ID], [Attribute], [CreatedBy], [CreatedOn], [UpdatedBy], [UpdatedOn]) 
    VALUES((SELECT ID FROM Compliance_ServiceProvider WHERE Code='FRAUGSTER_SIGNUP_SERVICE'), '{"requestType":"FRAUGSTER_SIGNUP","endpointUrl":"http://172.31.4.141:8080/fraugster-service/fraudDetection_signup"}', 1, CURRENT_TIMESTAMP, 1, CURRENT_TIMESTAMP)
GO
INSERT INTO [Compliance_ServiceProviderAttribute]([ID], [Attribute], [CreatedBy], [CreatedOn], [UpdatedBy], [UpdatedOn]) 
    VALUES((SELECT ID FROM Compliance_ServiceProvider WHERE Code='FRAUGSTER_ONUPDATE_SERVICE'), '{"requestType":"FRAUGSTER_ONUPDATE","endpointUrl":"http://172.31.4.141:8080/fraugster-service/fraudDetection_onUpdate"}', 1, CURRENT_TIMESTAMP, 1, CURRENT_TIMESTAMP)
GO
INSERT INTO [Compliance_ServiceProviderAttribute]([ID], [Attribute], [CreatedBy], [CreatedOn], [UpdatedBy], [UpdatedOn]) 
    VALUES((SELECT ID FROM Compliance_ServiceProvider WHERE Code='FRAUGSTER_FUNDSOUT_SERVICE'), '{"requestType":"FRAUGSTER_FUNDSOUT","endpointUrl":"http://172.31.4.141:8080/fraugster-service/fraudDetection_paymentsOut"}', 1, CURRENT_TIMESTAMP, 1, CURRENT_TIMESTAMP)
GO
INSERT INTO [Compliance_ServiceProviderAttribute]([ID], [Attribute], [CreatedBy], [CreatedOn], [UpdatedBy], [UpdatedOn]) 
    VALUES((SELECT ID FROM Compliance_ServiceProvider WHERE Code='FRAUGSTER_FUNDSIN_SERVICE'), '{"requestType":"FRAUGSTER_FUNDSIN","endpointUrl":"http://172.31.4.141:8080/fraugster-service/fraudDetection_paymentsIn"}', 1, CURRENT_TIMESTAMP, 1, CURRENT_TIMESTAMP)
GO
INSERT INTO [Compliance_ServiceProviderAttribute]([ID], [Attribute], [CreatedBy], [CreatedOn], [UpdatedBy], [UpdatedOn]) 
    VALUES((SELECT ID FROM Compliance_ServiceProvider WHERE Code='FRAUGSTER_LOGIN_LOGOUT'), '{"endpointUrl":"http://172.31.4.141:8000/api/v1/sessions","userName":"test","passWord":"password123","socketTimeoutMillis":6000,"connectionTimeoutMillis":6000,"fraugsterInactivityRefreshTime":40}', 1, CURRENT_TIMESTAMP, 1, CURRENT_TIMESTAMP)
GO
INSERT INTO [Compliance_ServiceProviderAttribute]([ID], [Attribute], [CreatedBy], [CreatedOn], [UpdatedBy], [UpdatedOn]) 
    VALUES((SELECT ID FROM Compliance_ServiceProvider WHERE Code='FRAUGSTER_TRANSACTION'), '{"endpointUrl":"http://172.31.4.141:8000/api/v1/transaction","userName":"test","passWord":"password123","socketTimeoutMillis":6000,"connectionTimeoutMillis":6000,"registrationThreesholdScore":0.10,"paymentInThreesholdScore":0.20,"paymentOutThreesholdScore":0.20}', 1, CURRENT_TIMESTAMP, 1, CURRENT_TIMESTAMP)
GO

INSERT INTO [Compliance_ServiceProviderAttribute]([ID], [Attribute], [CreatedBy], [CreatedOn], [UpdatedBy], [UpdatedOn]) 
    VALUES((SELECT ID FROM Compliance_ServiceProvider WHERE Code='SANCTION_SERVICE'), '{"requestType":"SANCTIONCHECK","endpointUrl":"http://172.31.4.141:8080/sanction-service/checkSanctions"}', 1, CURRENT_TIMESTAMP, 1, CURRENT_TIMESTAMP)
GO

INSERT INTO [Compliance_ServiceProviderAttribute]([ID], [Attribute], [CreatedBy], [CreatedOn], [UpdatedBy], [UpdatedOn]) 
    VALUES((SELECT ID FROM Compliance_ServiceProvider WHERE Code='FINSCAN'), '{"enpointUrl":"https://hosted5.finscan.com/isi_test/LSTServicesLookup.asmx","userName":"webservices","passWord":"webservices","socketTimeoutMillis":60000,"connectionTimeoutMillis":60000}', 1, CURRENT_TIMESTAMP, 1, CURRENT_TIMESTAMP)
GO
INSERT INTO [Compliance_ServiceProviderAttribute]([ID], [Attribute], [CreatedBy], [CreatedOn], [UpdatedBy], [UpdatedOn]) 
    VALUES((SELECT ID FROM Compliance_ServiceProvider WHERE Code='VELOCITY_PERFORM_CHECK'), '{"requestType":"VELOCITY_PERFORM_CHECK","endpointUrl":"http://172.31.4.141:8080/custom-checks-service/performCheck"}', 1, CURRENT_TIMESTAMP, 1, CURRENT_TIMESTAMP)
GO
INSERT INTO [Compliance_ServiceProviderAttribute]([ID], [Attribute], [CreatedBy], [CreatedOn], [UpdatedBy], [UpdatedOn]) 
    VALUES((SELECT ID FROM Compliance_ServiceProvider WHERE Code='VELOCITY_REPEAT_CHECK'), '{"requestType":"VELOCITY_REPEAT_CHECK","endpointUrl":"http://172.31.4.141:8080/custom-checks-service/repeatCheck"}', 1, CURRENT_TIMESTAMP, 1, CURRENT_TIMESTAMP)
GO
INSERT INTO [Compliance_ServiceProviderAttribute]([ID], [Attribute], [CreatedBy], [CreatedOn], [UpdatedBy], [UpdatedOn]) 
    VALUES((SELECT ID FROM Compliance_ServiceProvider WHERE Code='WHITELIST_UPDATE'), '{"requestType":"WHITELIST_UPDATE","endpointUrl":"http://172.31.4.141:8080/custom-checks-service/updateWhiteListData"}', 1, CURRENT_TIMESTAMP, 1, CURRENT_TIMESTAMP)
GO

INSERT INTO [Compliance_ServiceProviderAttribute]([ID], [Attribute], [CreatedBy], [CreatedOn], [UpdatedBy], [UpdatedOn]) 
    VALUES((SELECT ID FROM Compliance_ServiceProvider WHERE Code='ELASTIC'), '{"endPointUrl":"http://172.31.4.141:9200/","socketTimeoutMillis":60000,"connectionTimeoutMillis":60000}', 1, CURRENT_TIMESTAMP, 1, CURRENT_TIMESTAMP)
GO
INSERT INTO [Compliance_ServiceProviderAttribute]([ID], [Attribute], [CreatedBy], [CreatedOn], [UpdatedBy], [UpdatedOn]) 
    VALUES((SELECT ID FROM Compliance_ServiceProvider WHERE Code='MQ_SERVICE'), '{"requestType":"MQ_SERVICE","endpointUrl":"http://172.31.4.10:8080/es-restfulinterface/rest/PushCompStatus/Push"}', 1, CURRENT_TIMESTAMP, 1, CURRENT_TIMESTAMP)
GO




/*--------------------------------------------------------WATCHLIST ---------------------------------------------*/
INSERT INTO [WatchList]([Reason], [StopPaymentIn], [StopPaymentOut], [Locked], [Deleted], [CreatedBy], [CreatedOn], [UpdatedBy], [UpdatedOn])
	VALUES('PEP', 0, 0, 0, 0, 1, CURRENT_TIMESTAMP, 1, CURRENT_TIMESTAMP)
INSERT INTO [WatchList]([Reason], [StopPaymentIn], [StopPaymentOut], [Locked], [Deleted], [CreatedBy], [CreatedOn], [UpdatedBy], [UpdatedOn])
	VALUES('High risk industry', 0, 0, 0, 0, 1, CURRENT_TIMESTAMP, 1, CURRENT_TIMESTAMP)
INSERT INTO [WatchList]([Reason], [StopPaymentIn], [StopPaymentOut], [Locked], [Deleted], [CreatedBy], [CreatedOn], [UpdatedBy], [UpdatedOn])
	VALUES('CD Inc Client', 0, 0, 0, 0, 1, CURRENT_TIMESTAMP, 1, CURRENT_TIMESTAMP)
INSERT INTO [WatchList]([Reason], [StopPaymentIn], [StopPaymentOut], [Locked], [Deleted], [CreatedBy], [CreatedOn], [UpdatedBy], [UpdatedOn])
      VALUES('SDD Completed on Account', 0, 0, 0, 0, 1, CURRENT_TIMESTAMP, 1, CURRENT_TIMESTAMP)
INSERT INTO [WatchList]([Reason], [StopPaymentIn], [StopPaymentOut], [Locked], [Deleted], [CreatedBy], [CreatedOn], [UpdatedBy], [UpdatedOn])
      VALUES('Client has been a victim of fraud', 0, 0, 0, 0, 1, CURRENT_TIMESTAMP, 1, CURRENT_TIMESTAMP)
INSERT INTO [WatchList]([Reason], [StopPaymentIn], [StopPaymentOut], [Locked], [Deleted], [CreatedBy], [CreatedOn], [UpdatedBy], [UpdatedOn])
      VALUES('CFX Medium Risk', 0, 0, 0, 0, 1, CURRENT_TIMESTAMP, 1, CURRENT_TIMESTAMP)
INSERT INTO [WatchList]([Reason], [StopPaymentIn], [StopPaymentOut], [Locked], [Deleted], [CreatedBy], [CreatedOn], [UpdatedBy], [UpdatedOn])
      VALUES('Cash based industry', 0, 0, 0, 0, 1, CURRENT_TIMESTAMP, 1, CURRENT_TIMESTAMP)
INSERT INTO [WatchList]([Reason], [StopPaymentIn], [StopPaymentOut], [Locked], [Deleted], [CreatedBy], [CreatedOn], [UpdatedBy], [UpdatedOn])
      VALUES('Exception to acceptance policy', 0, 0, 0, 0, 1, CURRENT_TIMESTAMP, 1, CURRENT_TIMESTAMP)
INSERT INTO [WatchList]([Reason], [StopPaymentIn], [StopPaymentOut], [Locked], [Deleted], [CreatedBy], [CreatedOn], [UpdatedBy], [UpdatedOn])
      VALUES('TF risks identified', 0, 0, 0, 0, 1, CURRENT_TIMESTAMP, 1, CURRENT_TIMESTAMP)
INSERT INTO [WatchList]([Reason], [StopPaymentIn], [StopPaymentOut], [Locked], [Deleted], [CreatedBy], [CreatedOn], [UpdatedBy], [UpdatedOn])
      VALUES('SAR submission on account', 1, 1, 0, 0, 1, CURRENT_TIMESTAMP, 1, CURRENT_TIMESTAMP)
INSERT INTO [WatchList]([Reason], [StopPaymentIn], [StopPaymentOut], [Locked], [Deleted], [CreatedBy], [CreatedOn], [UpdatedBy], [UpdatedOn])
      VALUES('Production Order on Account', 1, 1, 0, 0, 1, CURRENT_TIMESTAMP, 1, CURRENT_TIMESTAMP)
INSERT INTO [WatchList]([Reason], [StopPaymentIn], [StopPaymentOut], [Locked], [Deleted], [CreatedBy], [CreatedOn], [UpdatedBy], [UpdatedOn])
      VALUES('Pending KYC on Account', 1, 1, 0, 0, 1, CURRENT_TIMESTAMP, 1, CURRENT_TIMESTAMP)
INSERT INTO [WatchList]([Reason], [StopPaymentIn], [StopPaymentOut], [Locked], [Deleted], [CreatedBy], [CreatedOn], [UpdatedBy], [UpdatedOn])
      VALUES('US Client List B client', 1, 1, 0, 0, 1, CURRENT_TIMESTAMP, 1, CURRENT_TIMESTAMP)
INSERT INTO [WatchList]([Reason], [StopPaymentIn], [StopPaymentOut], [Locked], [Deleted], [CreatedBy], [CreatedOn], [UpdatedBy], [UpdatedOn])
      VALUES('E Tailer Client Monitoring of Trades', 1, 1, 0, 0, 1, CURRENT_TIMESTAMP, 1, CURRENT_TIMESTAMP)
INSERT INTO [WatchList]([Reason], [StopPaymentIn], [StopPaymentOut], [Locked], [Deleted], [CreatedBy], [CreatedOn], [UpdatedBy], [UpdatedOn])
      VALUES('Sanction Pending on Client', 1, 1, 0, 0, 1, CURRENT_TIMESTAMP, 1, CURRENT_TIMESTAMP)
INSERT INTO [WatchList]([Reason], [StopPaymentIn], [StopPaymentOut], [Locked], [Deleted], [CreatedBy], [CreatedOn], [UpdatedBy], [UpdatedOn])
      VALUES('Fraugster high risk of fraud', 1, 1, 0, 0, 1, CURRENT_TIMESTAMP, 1, CURRENT_TIMESTAMP)
INSERT INTO [WatchList]([Reason], [StopPaymentIn], [StopPaymentOut], [Locked], [Deleted], [CreatedBy], [CreatedOn], [UpdatedBy], [UpdatedOn])
      VALUES('Travel Company invoice required for all trades', 1, 1, 0, 0, 1, CURRENT_TIMESTAMP, 1, CURRENT_TIMESTAMP)
INSERT INTO [WatchList]([Reason], [StopPaymentIn], [StopPaymentOut], [Locked], [Deleted], [CreatedBy], [CreatedOn], [UpdatedBy], [UpdatedOn])
      VALUES('CFX High risk score', 1, 1, 0, 0, 1, CURRENT_TIMESTAMP, 1, CURRENT_TIMESTAMP)
INSERT INTO [WatchList]([Reason], [StopPaymentIn], [StopPaymentOut], [Locked], [Deleted], [CreatedBy], [CreatedOn], [UpdatedBy], [UpdatedOn])
      VALUES('Victim of fraud /Vulnerable Monitoring of trades required', 1, 1, 0, 0, 1, CURRENT_TIMESTAMP, 1, CURRENT_TIMESTAMP)
INSERT INTO [WatchList]([Reason], [StopPaymentIn], [StopPaymentOut], [Locked], [Deleted], [CreatedBy], [CreatedOn], [UpdatedBy], [UpdatedOn])
      VALUES('High Risk Country', 1, 1, 0, 0, 1, CURRENT_TIMESTAMP, 1, CURRENT_TIMESTAMP)

/*-------------------------------------------------------ActivityTypeEnum-------------------------------------------*/
INSERT INTO [ActivityTypeEnum]([Module], [Type],[CreatedBy], [CreatedOn], [UpdatedBy], [UpdatedOn]) 
    VALUES('PROFILE', 'WATCH_LIST', 1, CURRENT_TIMESTAMP, 1, CURRENT_TIMESTAMP)
GO
INSERT INTO [ActivityTypeEnum]([Module], [Type],[CreatedBy], [CreatedOn], [UpdatedBy], [UpdatedOn]) 
    VALUES('PROFILE', 'ACCOUNT_STATUS_UPDATE', 1, CURRENT_TIMESTAMP, 1, CURRENT_TIMESTAMP)
GO
INSERT INTO [ActivityTypeEnum]([Module], [Type],[CreatedBy], [CreatedOn], [UpdatedBy], [UpdatedOn]) 
    VALUES('PROFILE', 'CONTACT_STATUS_UPDATE', 1, CURRENT_TIMESTAMP, 1, CURRENT_TIMESTAMP)
GO
INSERT INTO [ActivityTypeEnum]([Module], [Type],[CreatedBy], [CreatedOn], [UpdatedBy], [UpdatedOn]) 
    VALUES('PROFILE', 'EID_REPEAT', 1, CURRENT_TIMESTAMP, 1, CURRENT_TIMESTAMP)
GO
INSERT INTO [ActivityTypeEnum]([Module], [Type],[CreatedBy], [CreatedOn], [UpdatedBy], [UpdatedOn]) 
    VALUES('PROFILE', 'SANCTIONS_REPEAT', 1, CURRENT_TIMESTAMP, 1, CURRENT_TIMESTAMP)
GO
INSERT INTO [ActivityTypeEnum]([Module], [Type],[CreatedBy], [CreatedOn], [UpdatedBy], [UpdatedOn]) 
    VALUES('PROFILE', 'SANCTIONS_UPDATE', 1, CURRENT_TIMESTAMP, 1, CURRENT_TIMESTAMP)
GO
INSERT INTO [ActivityTypeEnum]([Module], [Type],[CreatedBy], [CreatedOn], [UpdatedBy], [UpdatedOn]) 
    VALUES('PROFILE', 'DOCUMENT_UPLOADED', 1, CURRENT_TIMESTAMP, 1, CURRENT_TIMESTAMP)
GO

INSERT INTO [ActivityTypeEnum]([Module], [Type],[CreatedBy], [CreatedOn], [UpdatedBy], [UpdatedOn]) 
    VALUES('PROFILE', 'ADD_COMMENT', 1, CURRENT_TIMESTAMP, 1, CURRENT_TIMESTAMP)
GO

INSERT INTO [ActivityTypeEnum]([Module], [Type],[CreatedBy], [CreatedOn], [UpdatedBy], [UpdatedOn]) 
    VALUES('PAYMENT_IN', 'PAYMENT_IN_STATUS_UPDATE', 1, CURRENT_TIMESTAMP, 1, CURRENT_TIMESTAMP)
GO
INSERT INTO [ActivityTypeEnum]([Module], [Type],[CreatedBy], [CreatedOn], [UpdatedBy], [UpdatedOn]) 
    VALUES('PAYMENT_IN', 'SANCTIONS_REPEAT', 1, CURRENT_TIMESTAMP, 1, CURRENT_TIMESTAMP)
GO
INSERT INTO [ActivityTypeEnum]([Module], [Type],[CreatedBy], [CreatedOn], [UpdatedBy], [UpdatedOn]) 
    VALUES('PAYMENT_IN', 'SANCTIONS_UPDATE', 1, CURRENT_TIMESTAMP, 1, CURRENT_TIMESTAMP)
GO
INSERT INTO [ActivityTypeEnum]([Module], [Type],[CreatedBy], [CreatedOn], [UpdatedBy], [UpdatedOn]) 
    VALUES('PAYMENT_IN', 'FRAUD_REPEAT', 1, CURRENT_TIMESTAMP, 1, CURRENT_TIMESTAMP)
GO
INSERT INTO [ActivityTypeEnum]([Module], [Type],[CreatedBy], [CreatedOn], [UpdatedBy], [UpdatedOn]) 
    VALUES('PAYMENT_IN', 'DOCUMENT_UPLOADED', 1, CURRENT_TIMESTAMP, 1, CURRENT_TIMESTAMP)
GO
INSERT INTO [ActivityTypeEnum]([Module], [Type],[CreatedBy], [CreatedOn], [UpdatedBy], [UpdatedOn]) 
    VALUES('PAYMENT_IN', 'CUSTOM_CHECK_REPEAT', 1, CURRENT_TIMESTAMP, 1, CURRENT_TIMESTAMP)
GO

INSERT INTO [ActivityTypeEnum]([Module], [Type],[CreatedBy], [CreatedOn], [UpdatedBy], [UpdatedOn]) 
    VALUES('PAYMENT_IN', 'ADD_COMMENT', 1, CURRENT_TIMESTAMP, 1, CURRENT_TIMESTAMP)
GO

INSERT INTO [ActivityTypeEnum]([Module], [Type],[CreatedBy], [CreatedOn], [UpdatedBy], [UpdatedOn]) 
    VALUES('PAYMENT_OUT', 'PAYMENT_OUT_STATUS_UPDATE', 1, CURRENT_TIMESTAMP, 1, CURRENT_TIMESTAMP)
GO
INSERT INTO [ActivityTypeEnum]([Module], [Type],[CreatedBy], [CreatedOn], [UpdatedBy], [UpdatedOn]) 
    VALUES('PAYMENT_OUT', 'SANCTIONS_REPEAT', 1, CURRENT_TIMESTAMP, 1, CURRENT_TIMESTAMP)
GO
INSERT INTO [ActivityTypeEnum]([Module], [Type],[CreatedBy], [CreatedOn], [UpdatedBy], [UpdatedOn]) 
    VALUES('PAYMENT_OUT', 'SANCTIONS_UPDATE', 1, CURRENT_TIMESTAMP, 1, CURRENT_TIMESTAMP)
GO
INSERT INTO [ActivityTypeEnum]([Module], [Type],[CreatedBy], [CreatedOn], [UpdatedBy], [UpdatedOn]) 
    VALUES('PAYMENT_OUT', 'FRAUD_REPEAT', 1, CURRENT_TIMESTAMP, 1, CURRENT_TIMESTAMP)
GO
INSERT INTO [ActivityTypeEnum]([Module], [Type],[CreatedBy], [CreatedOn], [UpdatedBy], [UpdatedOn]) 
    VALUES('PAYMENT_OUT', 'DOCUMENT_UPLOADED', 1, CURRENT_TIMESTAMP, 1, CURRENT_TIMESTAMP)
GO
INSERT INTO [ActivityTypeEnum]([Module], [Type],[CreatedBy], [CreatedOn], [UpdatedBy], [UpdatedOn]) 
    VALUES('PAYMENT_OUT', 'CUSTOM_CHECK_REPEAT', 1, CURRENT_TIMESTAMP, 1, CURRENT_TIMESTAMP)
GO

INSERT INTO [ActivityTypeEnum]([Module], [Type],[CreatedBy], [CreatedOn], [UpdatedBy], [UpdatedOn]) 
    VALUES('PAYMENT_OUT', 'ADD_COMMENT', 1, CURRENT_TIMESTAMP, 1, CURRENT_TIMESTAMP)
GO
/*------------------------------------------------------ StatusUpdateReason ------------------------------------------------------*/
INSERT INTO [StatusUpdateReason]([Module], [Reason], [CreatedBy], [CreatedOn], [UpdatedBy], [UpdatedOn])
 VALUES('ALL', 'Reneged on Trade', 1, CURRENT_TIMESTAMP, 1,CURRENT_TIMESTAMP)
GO
INSERT INTO [StatusUpdateReason]([Module], [Reason], [CreatedBy], [CreatedOn], [UpdatedBy], [UpdatedOn])
 VALUES('ALL', 'Awaiting Documents', 1, CURRENT_TIMESTAMP, 1,CURRENT_TIMESTAMP)
GO
INSERT INTO [StatusUpdateReason]([Module], [Reason], [CreatedBy], [CreatedOn], [UpdatedBy], [UpdatedOn])
 VALUES('ALL', 'Awaiting Information', 1, CURRENT_TIMESTAMP, 1,CURRENT_TIMESTAMP)
GO
INSERT INTO [StatusUpdateReason]([Module], [Reason], [CreatedBy], [CreatedOn], [UpdatedBy], [UpdatedOn])
 VALUES('ALL', 'Company Dissolved/Liquidated', 1, CURRENT_TIMESTAMP, 1,CURRENT_TIMESTAMP)
GO
INSERT INTO [StatusUpdateReason]([Module], [Reason], [CreatedBy], [CreatedOn], [UpdatedBy], [UpdatedOn])
 VALUES('ALL', 'Deceased', 1, CURRENT_TIMESTAMP, 1,CURRENT_TIMESTAMP)
GO
INSERT INTO [StatusUpdateReason]([Module], [Reason], [CreatedBy], [CreatedOn], [UpdatedBy], [UpdatedOn])
 VALUES('ALL', 'Cannot Service Requirements', 1, CURRENT_TIMESTAMP, 1,CURRENT_TIMESTAMP)
GO
INSERT INTO [StatusUpdateReason]([Module], [Reason], [CreatedBy], [CreatedOn], [UpdatedBy], [UpdatedOn])
 VALUES('ALL', 'Licensing Prohibition', 1, CURRENT_TIMESTAMP, 1,CURRENT_TIMESTAMP)
GO
INSERT INTO [StatusUpdateReason]([Module], [Reason], [CreatedBy], [CreatedOn], [UpdatedBy], [UpdatedOn])
 VALUES('ALL', 'Ongoing investigation', 1, CURRENT_TIMESTAMP, 1,CURRENT_TIMESTAMP)
GO
INSERT INTO [StatusUpdateReason]([Module], [Reason], [CreatedBy], [CreatedOn], [UpdatedBy], [UpdatedOn])
 VALUES('ALL', 'Re reg required', 1, CURRENT_TIMESTAMP, 1,CURRENT_TIMESTAMP)
GO
INSERT INTO [StatusUpdateReason]([Module], [Reason], [CreatedBy], [CreatedOn], [UpdatedBy], [UpdatedOn])
 VALUES('ALL', 'KYC update required', 1, CURRENT_TIMESTAMP, 1,CURRENT_TIMESTAMP)
GO
INSERT INTO [StatusUpdateReason]([Module], [Reason], [CreatedBy], [CreatedOn], [UpdatedBy], [UpdatedOn])
 VALUES('ALL', 'Confirmed Fraud Email Hack', 1, CURRENT_TIMESTAMP, 1,CURRENT_TIMESTAMP)
GO
INSERT INTO [StatusUpdateReason]([Module], [Reason], [CreatedBy], [CreatedOn], [UpdatedBy], [UpdatedOn])
 VALUES('ALL', 'Confirmed Fraud Phishing', 1, CURRENT_TIMESTAMP, 1,CURRENT_TIMESTAMP)
GO
INSERT INTO [StatusUpdateReason]([Module], [Reason], [CreatedBy], [CreatedOn], [UpdatedBy], [UpdatedOn])
 VALUES('ALL', 'Confirmed Fraud Front Company', 1, CURRENT_TIMESTAMP, 1,CURRENT_TIMESTAMP)
GO
INSERT INTO [StatusUpdateReason]([Module], [Reason], [CreatedBy], [CreatedOn], [UpdatedBy], [UpdatedOn])
 VALUES('ALL', 'Confirmed Money Laundering', 1, CURRENT_TIMESTAMP, 1,CURRENT_TIMESTAMP)
GO
INSERT INTO [StatusUpdateReason]([Module], [Reason], [CreatedBy], [CreatedOn], [UpdatedBy], [UpdatedOn])
 VALUES('ALL', 'Confirmed Fraud Account Takeover', 1, CURRENT_TIMESTAMP, 1,CURRENT_TIMESTAMP)
GO
INSERT INTO [StatusUpdateReason]([Module], [Reason], [CreatedBy], [CreatedOn], [UpdatedBy], [UpdatedOn])
 VALUES('ALL', 'Sanction Match Rejected', 1, CURRENT_TIMESTAMP, 1,CURRENT_TIMESTAMP)
GO
INSERT INTO [StatusUpdateReason]([Module], [Reason], [CreatedBy], [CreatedOn], [UpdatedBy], [UpdatedOn])
 VALUES('ALL', 'High Risk Match', 1, CURRENT_TIMESTAMP, 1,CURRENT_TIMESTAMP)
GO
INSERT INTO [StatusUpdateReason]([Module], [Reason], [CreatedBy], [CreatedOn], [UpdatedBy], [UpdatedOn])
 VALUES('ALL', 'Breach of Client Acceptance Policy', 1, CURRENT_TIMESTAMP, 1,CURRENT_TIMESTAMP)
GO
INSERT INTO [StatusUpdateReason]([Module], [Reason], [CreatedBy], [CreatedOn], [UpdatedBy], [UpdatedOn])
 VALUES('ALL', 'Breach of risk appetite', 1, CURRENT_TIMESTAMP, 1,CURRENT_TIMESTAMP)
GO
INSERT INTO [StatusUpdateReason]([Module], [Reason], [CreatedBy], [CreatedOn], [UpdatedBy], [UpdatedOn])
 VALUES('ALL', 'Breach of counterparty risk appetite', 1, CURRENT_TIMESTAMP, 1,CURRENT_TIMESTAMP)
GO
INSERT INTO [StatusUpdateReason]([Module], [Reason], [CreatedBy], [CreatedOn], [UpdatedBy], [UpdatedOn])
 VALUES('ALL', 'Alert from 3rd party', 1, CURRENT_TIMESTAMP, 1,CURRENT_TIMESTAMP)
GO
INSERT INTO [StatusUpdateReason]([Module], [Reason], [CreatedBy], [CreatedOn], [UpdatedBy], [UpdatedOn])
 VALUES('ALL', 'Alert from law enforcement', 1, CURRENT_TIMESTAMP, 1,CURRENT_TIMESTAMP)
GO
INSERT INTO [StatusUpdateReason]([Module], [Reason], [CreatedBy], [CreatedOn], [UpdatedBy], [UpdatedOn])
 VALUES('ALL', 'Suspected Fraud DC fraud', 1, CURRENT_TIMESTAMP, 1,CURRENT_TIMESTAMP)
GO
INSERT INTO [StatusUpdateReason]([Module], [Reason], [CreatedBy], [CreatedOn], [UpdatedBy], [UpdatedOn])
 VALUES('ALL', 'Suspected Fraud Front Company', 1, CURRENT_TIMESTAMP, 1,CURRENT_TIMESTAMP)
GO
INSERT INTO [StatusUpdateReason]([Module], [Reason], [CreatedBy], [CreatedOn], [UpdatedBy], [UpdatedOn])
 VALUES('ALL', 'Suspected Money Laundering', 1, CURRENT_TIMESTAMP, 1,CURRENT_TIMESTAMP)
GO
INSERT INTO [StatusUpdateReason]([Module], [Reason], [CreatedBy], [CreatedOn], [UpdatedBy], [UpdatedOn])
 VALUES('ALL', 'Suspected Fraud Account Takeover', 1, CURRENT_TIMESTAMP, 1,CURRENT_TIMESTAMP)
GO
INSERT INTO [StatusUpdateReason]([Module], [Reason], [CreatedBy], [CreatedOn], [UpdatedBy], [UpdatedOn])
 VALUES('ALL', 'Confirmed Fraud 3rd Party DC fraud', 1, CURRENT_TIMESTAMP, 1,CURRENT_TIMESTAMP)
GO
INSERT INTO [StatusUpdateReason]([Module], [Reason], [CreatedBy], [CreatedOn], [UpdatedBy], [UpdatedOn])
 VALUES('ALL', 'Confirmed Fraud 1st Party DC fraud', 1, CURRENT_TIMESTAMP, 1,CURRENT_TIMESTAMP)
GO
INSERT INTO [StatusUpdateReason]([Module], [Reason], [CreatedBy], [CreatedOn], [UpdatedBy], [UpdatedOn])
 VALUES('ALL', 'Confirmed Fraud 1st Party payment fraud', 1, CURRENT_TIMESTAMP, 1,CURRENT_TIMESTAMP)
GO
INSERT INTO [StatusUpdateReason]([Module], [Reason], [CreatedBy], [CreatedOn], [UpdatedBy], [UpdatedOn])
 VALUES('ALL', 'Confirmed Fraud 3rd Party payment fraud', 1, CURRENT_TIMESTAMP, 1,CURRENT_TIMESTAMP)
GO
INSERT INTO [StatusUpdateReason]([Module], [Reason], [CreatedBy], [CreatedOn], [UpdatedBy], [UpdatedOn])
 VALUES('ALL', 'Confirmed Fraud Family Fraud', 1, CURRENT_TIMESTAMP, 1,CURRENT_TIMESTAMP)
GO
INSERT INTO [StatusUpdateReason]([Module], [Reason], [CreatedBy], [CreatedOn], [UpdatedBy], [UpdatedOn])
 VALUES('ALL', 'Suspected 1st party fraud risk', 1, CURRENT_TIMESTAMP, 1,CURRENT_TIMESTAMP)
GO
INSERT INTO [StatusUpdateReason]([Module], [Reason], [CreatedBy], [CreatedOn], [UpdatedBy], [UpdatedOn])
 VALUES('ALL', 'Pending Consent', 1, CURRENT_TIMESTAMP, 1,CURRENT_TIMESTAMP)
GO
INSERT INTO [StatusUpdateReason]([Module], [Reason], [CreatedBy], [CreatedOn], [UpdatedBy], [UpdatedOn])
 VALUES('ALL', 'Blacklist', 1, CURRENT_TIMESTAMP, 1,CURRENT_TIMESTAMP)
GO
INSERT INTO [StatusUpdateReason]([Module], [Reason], [CreatedBy], [CreatedOn], [UpdatedBy], [UpdatedOn])
 VALUES('ALL', 'Document Review pending', 1, CURRENT_TIMESTAMP, 1,CURRENT_TIMESTAMP)
GO
INSERT INTO [StatusUpdateReason]([Module], [Reason], [CreatedBy], [CreatedOn], [UpdatedBy], [UpdatedOn])
 VALUES('ALL', 'Compliance Pending', 1, CURRENT_TIMESTAMP, 1,CURRENT_TIMESTAMP)
 GO
INSERT INTO [StatusUpdateReason]([Module], [Reason], [CreatedBy], [CreatedOn], [UpdatedBy], [UpdatedOn])
 VALUES('ALL', 'Awaiting sanction review', 1, CURRENT_TIMESTAMP, 1,CURRENT_TIMESTAMP)
GO


/** seed data for KYC_CountryProviderMapping start - Manish M. date - 31/5/16 3:21:43 PM IST ******/
insert into KYC_CountryProviderMapping ([Country],[ProviderName],[CreatedOn],[CreatedBy],[UpdatedOn],[UpdatedBy]) 
VALUES ('Denmark','GBGroup',CURRENT_TIMESTAMP,1,CURRENT_TIMESTAMP,1)
GO
insert into KYC_CountryProviderMapping ([Country],[ProviderName],[CreatedOn],[CreatedBy],[UpdatedOn],[UpdatedBy]) 
VALUES ('Germany','GBGroup',CURRENT_TIMESTAMP,1,CURRENT_TIMESTAMP,1)
GO
insert into KYC_CountryProviderMapping ([Country],[ProviderName],[CreatedOn],[CreatedBy],[UpdatedOn],[UpdatedBy]) 
VALUES ('Netherlands','GBGroup',CURRENT_TIMESTAMP,1,CURRENT_TIMESTAMP,1)
GO
insert into KYC_CountryProviderMapping ([Country],[ProviderName],[CreatedOn],[CreatedBy],[UpdatedOn],[UpdatedBy]) 
VALUES ('Norway','GBGroup',CURRENT_TIMESTAMP,1,CURRENT_TIMESTAMP,1)
GO
insert into KYC_CountryProviderMapping ([Country],[ProviderName],[CreatedOn],[CreatedBy],[UpdatedOn],[UpdatedBy]) 
VALUES ('Spain','GBGroup',CURRENT_TIMESTAMP,1,CURRENT_TIMESTAMP,1)
GO
insert into KYC_CountryProviderMapping ([Country],[ProviderName],[CreatedOn],[CreatedBy],[UpdatedOn],[UpdatedBy]) 
VALUES ('Sweden','GBGroup',CURRENT_TIMESTAMP,1,CURRENT_TIMESTAMP,1)
GO
insert into KYC_CountryProviderMapping ([Country],[ProviderName],[CreatedOn],[CreatedBy],[UpdatedOn],[UpdatedBy]) 
VALUES ('Switzerland','GBGroup',CURRENT_TIMESTAMP,1,CURRENT_TIMESTAMP,1)
GO
insert into KYC_CountryProviderMapping ([Country],[ProviderName],[CreatedOn],[CreatedBy],[UpdatedOn],[UpdatedBy]) 
VALUES ('United Kingdom','GBGroup',CURRENT_TIMESTAMP,1,CURRENT_TIMESTAMP,1)
GO
insert into KYC_CountryProviderMapping ([Country],[ProviderName],[CreatedOn],[CreatedBy],[UpdatedOn],[UpdatedBy]) 
VALUES ('Australia','LexisNexis',CURRENT_TIMESTAMP,1,CURRENT_TIMESTAMP,1)
GO
insert into KYC_CountryProviderMapping ([Country],[ProviderName],[CreatedOn],[CreatedBy],[UpdatedOn],[UpdatedBy]) 
VALUES ('New Zealand','LexisNexis',CURRENT_TIMESTAMP,1,CURRENT_TIMESTAMP,1)
GO
insert into KYC_CountryProviderMapping ([Country],[ProviderName],[CreatedOn],[CreatedBy],[UpdatedOn],[UpdatedBy]) 
VALUES ('Canada','LexisNexis',CURRENT_TIMESTAMP,1,CURRENT_TIMESTAMP,1)
GO
insert into KYC_CountryProviderMapping ([Country],[ProviderName],[CreatedOn],[CreatedBy],[UpdatedOn],[UpdatedBy]) 
VALUES ('South Africa','LexisNexis',CURRENT_TIMESTAMP,1,CURRENT_TIMESTAMP,1)
GO
insert into KYC_CountryProviderMapping ([Country],[ProviderName],[CreatedOn],[CreatedBy],[UpdatedOn],[UpdatedBy]) 
VALUES ('Japan','LexisNexis',CURRENT_TIMESTAMP,1,CURRENT_TIMESTAMP,1)
GO
insert into KYC_CountryProviderMapping ([Country],[ProviderName],[CreatedOn],[CreatedBy],[UpdatedOn],[UpdatedBy]) 
VALUES ('Mexico','LexisNexis',CURRENT_TIMESTAMP,1,CURRENT_TIMESTAMP,1)
GO
insert into KYC_CountryProviderMapping ([Country],[ProviderName],[CreatedOn],[CreatedBy],[UpdatedOn],[UpdatedBy]) 
VALUES ('Austria','LexisNexis',CURRENT_TIMESTAMP,1,CURRENT_TIMESTAMP,1)
GO
insert into KYC_CountryProviderMapping ([Country],[ProviderName],[CreatedOn],[CreatedBy],[UpdatedOn],[UpdatedBy]) 
VALUES ('Brazil','LexisNexis',CURRENT_TIMESTAMP,1,CURRENT_TIMESTAMP,1)
GO
insert into KYC_CountryProviderMapping ([Country],[ProviderName],[CreatedOn],[CreatedBy],[UpdatedOn],[UpdatedBy]) 
VALUES ('Luxembourg','LexisNexis',CURRENT_TIMESTAMP,1,CURRENT_TIMESTAMP,1)
GO
insert into KYC_CountryProviderMapping ([Country],[ProviderName],[CreatedOn],[CreatedBy],[UpdatedOn],[UpdatedBy]) 
VALUES ('Hong Kong','LexisNexis',CURRENT_TIMESTAMP,1,CURRENT_TIMESTAMP,1)

/** seed data for KYC_CountryProviderMapping end - Manish M. date - 31/5/16 3:21:43 PM IST ******/




/***************************** BLACKLIST SEED *********************/
/* blacklistType*/
INSERT INTO [BlackListType]([Type], [Relevance], [Created_On], [CreatedBy], [Updated_On], [UpdatedBy])
    VALUES('NAME', 1, CURRENT_TIMESTAMP, 1, CURRENT_TIMESTAMP,1)
GO

INSERT INTO [BlackListType]([Type], [Relevance], [Created_On], [CreatedBy], [Updated_On], [UpdatedBy])
    VALUES('EMAIL', 1, CURRENT_TIMESTAMP, 1, CURRENT_TIMESTAMP,1)
GO

INSERT INTO [BlackListType]([Type], [Relevance], [Created_On], [CreatedBy], [Updated_On], [UpdatedBy])
    VALUES('IPADDRESS', 1, CURRENT_TIMESTAMP, 1, CURRENT_TIMESTAMP,1)
GO

INSERT INTO [BlackListType]([Type], [Relevance], [Created_On], [CreatedBy], [Updated_On], [UpdatedBy])
    VALUES('DOMAIN', 1, CURRENT_TIMESTAMP, 1, CURRENT_TIMESTAMP,1)
GO

INSERT INTO [BlackListType]([Type], [Relevance], [Created_On], [CreatedBy], [Updated_On], [UpdatedBy])
    VALUES('ACC_NUMBER', 1, CURRENT_TIMESTAMP, 1, CURRENT_TIMESTAMP,1)
GO

INSERT INTO [BlackListType]([Type], [Relevance], [Created_On], [CreatedBy], [Updated_On], [UpdatedBy])
    VALUES('PHONE_NUMBER', 1, CURRENT_TIMESTAMP, 1, CURRENT_TIMESTAMP,1)
GO

/*-----------------------------------------------------Country Seed Data-------------------------------------------------------------------------*/

INSERT INTO Country(ID,Code,DisplayName,ISOCode,ShortCode,ISDCode,RiskLevel,Active,CreatedBy,CreatedOn) VALUES (1,'GBR','United Kingdom','826','GB','44','L',1,1,CURRENT_TIMESTAMP)
 GO
INSERT INTO Country(ID,Code,DisplayName,ISOCode,ShortCode,ISDCode,RiskLevel,Active,CreatedBy,CreatedOn) VALUES (2,'USA','USA','840','US','1','L',1,1,CURRENT_TIMESTAMP)
 GO
INSERT INTO Country(ID,Code,DisplayName,ISOCode,ShortCode,ISDCode,RiskLevel,Active,CreatedBy,CreatedOn) VALUES (3,'ESP','Spain','724','ES','34','L',1,1,CURRENT_TIMESTAMP)
 GO
INSERT INTO Country(ID,Code,DisplayName,ISOCode,ShortCode,ISDCode,RiskLevel,Active,CreatedBy,CreatedOn) VALUES (4,'ARE','United Arab Emirates','784','AE','971','H',1,1,CURRENT_TIMESTAMP)
 GO
INSERT INTO Country(ID,Code,DisplayName,ISOCode,ShortCode,ISDCode,RiskLevel,Active,CreatedBy,CreatedOn) VALUES (5,'AUS','Australia','036','AU','61','L',1,1,CURRENT_TIMESTAMP)
 GO
INSERT INTO Country(ID,Code,DisplayName,ISOCode,ShortCode,ISDCode,RiskLevel,Active,CreatedBy,CreatedOn) VALUES (6,'BGR','Bulgaria','100','BG','359','L',1,1,CURRENT_TIMESTAMP)
 GO
INSERT INTO Country(ID,Code,DisplayName,ISOCode,ShortCode,ISDCode,RiskLevel,Active,CreatedBy,CreatedOn) VALUES (7,'BHR','Bahrain','048','BH','973','H',1,1,CURRENT_TIMESTAMP)
 GO
INSERT INTO Country(ID,Code,DisplayName,ISOCode,ShortCode,ISDCode,RiskLevel,Active,CreatedBy,CreatedOn) VALUES (8,'BRA','Brazil','076','BR','55','H',1,1,CURRENT_TIMESTAMP)
 GO
INSERT INTO Country(ID,Code,DisplayName,ISOCode,ShortCode,ISDCode,RiskLevel,Active,CreatedBy,CreatedOn) VALUES (9,'BWA','Botswana','072','BW','267','H',1,1,CURRENT_TIMESTAMP)
 GO
INSERT INTO Country(ID,Code,DisplayName,ISOCode,ShortCode,ISDCode,RiskLevel,Active,CreatedBy,CreatedOn) VALUES (10,'CAN','Canada','124','CA','1','L',1,1,CURRENT_TIMESTAMP)
 GO
INSERT INTO Country(ID,Code,DisplayName,ISOCode,ShortCode,ISDCode,RiskLevel,Active,CreatedBy,CreatedOn) VALUES (11,'CHE','Switzerland','756','CH','41','L',1,1,CURRENT_TIMESTAMP)
 GO
INSERT INTO Country(ID,Code,DisplayName,ISOCode,ShortCode,ISDCode,RiskLevel,Active,CreatedBy,CreatedOn) VALUES (12,'IND','India','356','IN','91','L',1,1,CURRENT_TIMESTAMP)
 GO
INSERT INTO Country(ID,Code,DisplayName,ISOCode,ShortCode,ISDCode,RiskLevel,Active,CreatedBy,CreatedOn) VALUES (13,'ZAF','South Africa','710','ZA','27','L',1,1,CURRENT_TIMESTAMP)
 GO
INSERT INTO Country(ID,Code,DisplayName,ISOCode,ShortCode,ISDCode,RiskLevel,Active,CreatedBy,CreatedOn) VALUES (14,'ALA','ALand Islands','248','AX','0','H',1,1,CURRENT_TIMESTAMP)
 GO
INSERT INTO Country(ID,Code,DisplayName,ISOCode,ShortCode,ISDCode,RiskLevel,Active,CreatedBy,CreatedOn) VALUES (15,'AFG','Afghanistan','004','AF','93','H',1,1,CURRENT_TIMESTAMP)
 GO
INSERT INTO Country(ID,Code,DisplayName,ISOCode,ShortCode,ISDCode,RiskLevel,Active,CreatedBy,CreatedOn) VALUES (16,'ALB','Albania','008','AL','355','H',1,1,CURRENT_TIMESTAMP)
 GO
INSERT INTO Country(ID,Code,DisplayName,ISOCode,ShortCode,ISDCode,RiskLevel,Active,CreatedBy,CreatedOn) VALUES (17,'DZA','Algeria','012','DZ','213','H',1,1,CURRENT_TIMESTAMP)
 GO
INSERT INTO Country(ID,Code,DisplayName,ISOCode,ShortCode,ISDCode,RiskLevel,Active,CreatedBy,CreatedOn) VALUES (18,'ASM','American Samoa','016','AS','684','H',1,1,CURRENT_TIMESTAMP)
 GO
INSERT INTO Country(ID,Code,DisplayName,ISOCode,ShortCode,ISDCode,RiskLevel,Active,CreatedBy,CreatedOn) VALUES (19,'AND','Andorra','020','AD','376','H',1,1,CURRENT_TIMESTAMP)
 GO
INSERT INTO Country(ID,Code,DisplayName,ISOCode,ShortCode,ISDCode,RiskLevel,Active,CreatedBy,CreatedOn) VALUES (20,'AGO','Angola','024','AO','244','H',1,1,CURRENT_TIMESTAMP)
 GO
INSERT INTO Country(ID,Code,DisplayName,ISOCode,ShortCode,ISDCode,RiskLevel,Active,CreatedBy,CreatedOn) VALUES (21,'AIA','Anguilla','660','AI','264','H',1,1,CURRENT_TIMESTAMP)
 GO
INSERT INTO Country(ID,Code,DisplayName,ISOCode,ShortCode,ISDCode,RiskLevel,Active,CreatedBy,CreatedOn) VALUES (22,'ATA','Antarctica','010','AQ','672','H',1,1,CURRENT_TIMESTAMP)
 GO
INSERT INTO Country(ID,Code,DisplayName,ISOCode,ShortCode,ISDCode,RiskLevel,Active,CreatedBy,CreatedOn) VALUES (23,'ATG','Antigua And Barbuda','028','AG','268','H',1,1,CURRENT_TIMESTAMP)
 GO
INSERT INTO Country(ID,Code,DisplayName,ISOCode,ShortCode,ISDCode,RiskLevel,Active,CreatedBy,CreatedOn) VALUES (24,'ARG','Argentina','032','AR','54','H',1,1,CURRENT_TIMESTAMP)
 GO
INSERT INTO Country(ID,Code,DisplayName,ISOCode,ShortCode,ISDCode,RiskLevel,Active,CreatedBy,CreatedOn) VALUES (25,'ARM','Armenia','051','AM','374','H',1,1,CURRENT_TIMESTAMP)
 GO
INSERT INTO Country(ID,Code,DisplayName,ISOCode,ShortCode,ISDCode,RiskLevel,Active,CreatedBy,CreatedOn) VALUES (26,'ABW','Aruba','553','AW','297','H',1,1,CURRENT_TIMESTAMP)
 GO
INSERT INTO Country(ID,Code,DisplayName,ISOCode,ShortCode,ISDCode,RiskLevel,Active,CreatedBy,CreatedOn) VALUES (27,'AUT','Austria','040','AT','43','L',1,1,CURRENT_TIMESTAMP)
 GO
INSERT INTO Country(ID,Code,DisplayName,ISOCode,ShortCode,ISDCode,RiskLevel,Active,CreatedBy,CreatedOn) VALUES (28,'AZE','Azerbaijan','031','AZ','994','H',1,1,CURRENT_TIMESTAMP)
 GO
INSERT INTO Country(ID,Code,DisplayName,ISOCode,ShortCode,ISDCode,RiskLevel,Active,CreatedBy,CreatedOn) VALUES (29,'BHS','Bahamas','044','BS','1242','H',1,1,CURRENT_TIMESTAMP)
 GO
INSERT INTO Country(ID,Code,DisplayName,ISOCode,ShortCode,ISDCode,RiskLevel,Active,CreatedBy,CreatedOn) VALUES (30,'BGD','Bangladesh','050','BD','880','H',1,1,CURRENT_TIMESTAMP)
 GO
INSERT INTO Country(ID,Code,DisplayName,ISOCode,ShortCode,ISDCode,RiskLevel,Active,CreatedBy,CreatedOn) VALUES (31,'BRB','Barbados','052','BB','1246','H',1,1,CURRENT_TIMESTAMP)
 GO
INSERT INTO Country(ID,Code,DisplayName,ISOCode,ShortCode,ISDCode,RiskLevel,Active,CreatedBy,CreatedOn) VALUES (32,'BLR','Belarus','112','BY','375','S',1,1,CURRENT_TIMESTAMP)
 GO
INSERT INTO Country(ID,Code,DisplayName,ISOCode,ShortCode,ISDCode,RiskLevel,Active,CreatedBy,CreatedOn) VALUES (33,'BEL','Belgium','056','BE','32','L',1,1,CURRENT_TIMESTAMP)
 GO
INSERT INTO Country(ID,Code,DisplayName,ISOCode,ShortCode,ISDCode,RiskLevel,Active,CreatedBy,CreatedOn) VALUES (34,'BLZ','Belize','084','BZ','501','H',1,1,CURRENT_TIMESTAMP)
 GO
INSERT INTO Country(ID,Code,DisplayName,ISOCode,ShortCode,ISDCode,RiskLevel,Active,CreatedBy,CreatedOn) VALUES (35,'BEN','Benin','204','BJ','229','H',1,1,CURRENT_TIMESTAMP)
 GO
INSERT INTO Country(ID,Code,DisplayName,ISOCode,ShortCode,ISDCode,RiskLevel,Active,CreatedBy,CreatedOn) VALUES (36,'BMU','Bermuda','060','BM','1441','H',1,1,CURRENT_TIMESTAMP)
 GO
INSERT INTO Country(ID,Code,DisplayName,ISOCode,ShortCode,ISDCode,RiskLevel,Active,CreatedBy,CreatedOn) VALUES (37,'BTN','Bhutan','064','BT','975','H',1,1,CURRENT_TIMESTAMP)
 GO
INSERT INTO Country(ID,Code,DisplayName,ISOCode,ShortCode,ISDCode,RiskLevel,Active,CreatedBy,CreatedOn) VALUES (38,'BOL','Bolivia','068','BO','591','H',1,1,CURRENT_TIMESTAMP)
 GO
INSERT INTO Country(ID,Code,DisplayName,ISOCode,ShortCode,ISDCode,RiskLevel,Active,CreatedBy,CreatedOn) VALUES (39,'BES','Bonaire Sint Eustatius And Saba','535','BQ','0','H',1,1,CURRENT_TIMESTAMP)
 GO
INSERT INTO Country(ID,Code,DisplayName,ISOCode,ShortCode,ISDCode,RiskLevel,Active,CreatedBy,CreatedOn) VALUES (40,'BIH','Bosnia And Herzegowina','070','BA','387','H',1,1,CURRENT_TIMESTAMP)
 GO
INSERT INTO Country(ID,Code,DisplayName,ISOCode,ShortCode,ISDCode,RiskLevel,Active,CreatedBy,CreatedOn) VALUES (41,'BVT','Bouvet Island','074','BV','0','H',1,1,CURRENT_TIMESTAMP)
 GO
INSERT INTO Country(ID,Code,DisplayName,ISOCode,ShortCode,ISDCode,RiskLevel,Active,CreatedBy,CreatedOn) VALUES (42,'IOT','British Indian Ocean Territory','086','IO','91','H',1,1,CURRENT_TIMESTAMP)
 GO
INSERT INTO Country(ID,Code,DisplayName,ISOCode,ShortCode,ISDCode,RiskLevel,Active,CreatedBy,CreatedOn) VALUES (43,'BRN','Brunei Darussalam','096','BN','673','H',1,1,CURRENT_TIMESTAMP)
 GO
INSERT INTO Country(ID,Code,DisplayName,ISOCode,ShortCode,ISDCode,RiskLevel,Active,CreatedBy,CreatedOn) VALUES (44,'BFA','Burkina Faso','854','BF','226','H',1,1,CURRENT_TIMESTAMP)
 GO
INSERT INTO Country(ID,Code,DisplayName,ISOCode,ShortCode,ISDCode,RiskLevel,Active,CreatedBy,CreatedOn) VALUES (45,'BDI','Burundi','108','BI','257','H',1,1,CURRENT_TIMESTAMP)
 GO
INSERT INTO Country(ID,Code,DisplayName,ISOCode,ShortCode,ISDCode,RiskLevel,Active,CreatedBy,CreatedOn) VALUES (46,'KHM','Cambodia','116','KH','855','H',1,1,CURRENT_TIMESTAMP)
 GO
INSERT INTO Country(ID,Code,DisplayName,ISOCode,ShortCode,ISDCode,RiskLevel,Active,CreatedBy,CreatedOn) VALUES (47,'CMR','Cameroon','120','CM','237','H',1,1,CURRENT_TIMESTAMP)
 GO
INSERT INTO Country(ID,Code,DisplayName,ISOCode,ShortCode,ISDCode,RiskLevel,Active,CreatedBy,CreatedOn) VALUES (48,'CPV','Cape Verde','132','CV','238','H',1,1,CURRENT_TIMESTAMP)
 GO
INSERT INTO Country(ID,Code,DisplayName,ISOCode,ShortCode,ISDCode,RiskLevel,Active,CreatedBy,CreatedOn) VALUES (49,'CYM','Cayman Islands','136','KY','1345','H',1,1,CURRENT_TIMESTAMP)
 GO
INSERT INTO Country(ID,Code,DisplayName,ISOCode,ShortCode,ISDCode,RiskLevel,Active,CreatedBy,CreatedOn) VALUES (50,'CAF','Central African Republic','140','CF','236','H',1,1,CURRENT_TIMESTAMP)
 GO
INSERT INTO Country(ID,Code,DisplayName,ISOCode,ShortCode,ISDCode,RiskLevel,Active,CreatedBy,CreatedOn) VALUES (51,'TCD','Chad','148','TD','235','H',1,1,CURRENT_TIMESTAMP)
 GO
INSERT INTO Country(ID,Code,DisplayName,ISOCode,ShortCode,ISDCode,RiskLevel,Active,CreatedBy,CreatedOn) VALUES (52,'CHL','Chile','152','CL','56','H',1,1,CURRENT_TIMESTAMP)
 GO
INSERT INTO Country(ID,Code,DisplayName,ISOCode,ShortCode,ISDCode,RiskLevel,Active,CreatedBy,CreatedOn) VALUES (53,'CHN','China','156','CN','86','L',1,1,CURRENT_TIMESTAMP)
 GO
INSERT INTO Country(ID,Code,DisplayName,ISOCode,ShortCode,ISDCode,RiskLevel,Active,CreatedBy,CreatedOn) VALUES (54,'CXR','Christmas Island','162','CX','1176','H',1,1,CURRENT_TIMESTAMP)
 GO
INSERT INTO Country(ID,Code,DisplayName,ISOCode,ShortCode,ISDCode,RiskLevel,Active,CreatedBy,CreatedOn) VALUES (55,'CCK','Cocos (Keeling) Islands','166','CC','672','H',1,1,CURRENT_TIMESTAMP)
 GO
INSERT INTO Country(ID,Code,DisplayName,ISOCode,ShortCode,ISDCode,RiskLevel,Active,CreatedBy,CreatedOn) VALUES (56,'COL','Colombia','170','CO','57','H',1,1,CURRENT_TIMESTAMP)
 GO
INSERT INTO Country(ID,Code,DisplayName,ISOCode,ShortCode,ISDCode,RiskLevel,Active,CreatedBy,CreatedOn) VALUES (57,'COM','Comoros','174','KM','269','H',1,1,CURRENT_TIMESTAMP)
 GO
INSERT INTO Country(ID,Code,DisplayName,ISOCode,ShortCode,ISDCode,RiskLevel,Active,CreatedBy,CreatedOn) VALUES (58,'COG','Congo','178','CG','242','H',1,1,CURRENT_TIMESTAMP)
 GO
INSERT INTO Country(ID,Code,DisplayName,ISOCode,ShortCode,ISDCode,RiskLevel,Active,CreatedBy,CreatedOn) VALUES (59,'COD','Congo The Democratic Republic Of The','180','CD','242','S',1,1,CURRENT_TIMESTAMP)
 GO
INSERT INTO Country(ID,Code,DisplayName,ISOCode,ShortCode,ISDCode,RiskLevel,Active,CreatedBy,CreatedOn) VALUES (60,'COK','Cook Islands','184','CK','682','H',1,1,CURRENT_TIMESTAMP)
 GO
INSERT INTO Country(ID,Code,DisplayName,ISOCode,ShortCode,ISDCode,RiskLevel,Active,CreatedBy,CreatedOn) VALUES (61,'CRI','Costa Rica','188','CR','506','H',1,1,CURRENT_TIMESTAMP)
 GO
INSERT INTO Country(ID,Code,DisplayName,ISOCode,ShortCode,ISDCode,RiskLevel,Active,CreatedBy,CreatedOn) VALUES (62,'CIV','Cote D''Ivoire','384','CI','225','H',1,1,CURRENT_TIMESTAMP)
 GO
INSERT INTO Country(ID,Code,DisplayName,ISOCode,ShortCode,ISDCode,RiskLevel,Active,CreatedBy,CreatedOn) VALUES (63,'HRV','Croatia','191','HR','385','L',1,1,CURRENT_TIMESTAMP)
 GO
INSERT INTO Country(ID,Code,DisplayName,ISOCode,ShortCode,ISDCode,RiskLevel,Active,CreatedBy,CreatedOn) VALUES (64,'CUB','Cuba','192','CU','53','S',1,1,CURRENT_TIMESTAMP)
 GO
INSERT INTO Country(ID,Code,DisplayName,ISOCode,ShortCode,ISDCode,RiskLevel,Active,CreatedBy,CreatedOn) VALUES (65,'CUW','Curacao','531','CW','0','H',1,1,CURRENT_TIMESTAMP)
 GO
INSERT INTO Country(ID,Code,DisplayName,ISOCode,ShortCode,ISDCode,RiskLevel,Active,CreatedBy,CreatedOn) VALUES (66,'CYP','Cyprus','196','CY','357','L',1,1,CURRENT_TIMESTAMP)
 GO
INSERT INTO Country(ID,Code,DisplayName,ISOCode,ShortCode,ISDCode,RiskLevel,Active,CreatedBy,CreatedOn) VALUES (67,'CZE','Czech Republic','203','CZ','420','L',1,1,CURRENT_TIMESTAMP)
 GO
INSERT INTO Country(ID,Code,DisplayName,ISOCode,ShortCode,ISDCode,RiskLevel,Active,CreatedBy,CreatedOn) VALUES (68,'DNK','Denmark','208','DK','45','L',1,1,CURRENT_TIMESTAMP)
 GO
INSERT INTO Country(ID,Code,DisplayName,ISOCode,ShortCode,ISDCode,RiskLevel,Active,CreatedBy,CreatedOn) VALUES (69,'DJI','Djibouti','262','DJ','253','H',1,1,CURRENT_TIMESTAMP)
 GO
INSERT INTO Country(ID,Code,DisplayName,ISOCode,ShortCode,ISDCode,RiskLevel,Active,CreatedBy,CreatedOn) VALUES (70,'DMA','Dominica','212','DM','001-761','H',1,1,CURRENT_TIMESTAMP)
 GO
INSERT INTO Country(ID,Code,DisplayName,ISOCode,ShortCode,ISDCode,RiskLevel,Active,CreatedBy,CreatedOn) VALUES (71,'DOM','Dominican Republic','214','DO','001-761','H',1,1,CURRENT_TIMESTAMP)
 GO
INSERT INTO Country(ID,Code,DisplayName,ISOCode,ShortCode,ISDCode,RiskLevel,Active,CreatedBy,CreatedOn) VALUES (72,'ECU','Ecuador','218','EC','593','H',1,1,CURRENT_TIMESTAMP)
 GO
INSERT INTO Country(ID,Code,DisplayName,ISOCode,ShortCode,ISDCode,RiskLevel,Active,CreatedBy,CreatedOn) VALUES (73,'EGY','Egypt','818','EG','20','H',1,1,CURRENT_TIMESTAMP)
 GO
INSERT INTO Country(ID,Code,DisplayName,ISOCode,ShortCode,ISDCode,RiskLevel,Active,CreatedBy,CreatedOn) VALUES (74,'SLV','El Salvador','222','SV','503','H',1,1,CURRENT_TIMESTAMP)
 GO
INSERT INTO Country(ID,Code,DisplayName,ISOCode,ShortCode,ISDCode,RiskLevel,Active,CreatedBy,CreatedOn) VALUES (75,'GNQ','Equatorial Guinea','226','GQ','240','H',1,1,CURRENT_TIMESTAMP)
 GO
INSERT INTO Country(ID,Code,DisplayName,ISOCode,ShortCode,ISDCode,RiskLevel,Active,CreatedBy,CreatedOn) VALUES (76,'ERI','Eritrea','232','ER','291','H',1,1,CURRENT_TIMESTAMP)
 GO
INSERT INTO Country(ID,Code,DisplayName,ISOCode,ShortCode,ISDCode,RiskLevel,Active,CreatedBy,CreatedOn) VALUES (77,'EST','Estonia','233','EE','372','L',1,1,CURRENT_TIMESTAMP)
 GO
INSERT INTO Country(ID,Code,DisplayName,ISOCode,ShortCode,ISDCode,RiskLevel,Active,CreatedBy,CreatedOn) VALUES (78,'ETH','Ethiopia','231','ET','251','H',1,1,CURRENT_TIMESTAMP)
 GO
INSERT INTO Country(ID,Code,DisplayName,ISOCode,ShortCode,ISDCode,RiskLevel,Active,CreatedBy,CreatedOn) VALUES (79,'FLK','Falkland Islands','238','FK','500','H',1,1,CURRENT_TIMESTAMP)
 GO
INSERT INTO Country(ID,Code,DisplayName,ISOCode,ShortCode,ISDCode,RiskLevel,Active,CreatedBy,CreatedOn) VALUES (80,'FRO','Faroe Islands','234','FO','298','H',1,1,CURRENT_TIMESTAMP)
 GO
INSERT INTO Country(ID,Code,DisplayName,ISOCode,ShortCode,ISDCode,RiskLevel,Active,CreatedBy,CreatedOn) VALUES (81,'FJI','Fiji','242','FJ','679','H',1,1,CURRENT_TIMESTAMP)
 GO
INSERT INTO Country(ID,Code,DisplayName,ISOCode,ShortCode,ISDCode,RiskLevel,Active,CreatedBy,CreatedOn) VALUES (82,'FIN','Finland','246','FI','358','L',1,1,CURRENT_TIMESTAMP)
 GO
INSERT INTO Country(ID,Code,DisplayName,ISOCode,ShortCode,ISDCode,RiskLevel,Active,CreatedBy,CreatedOn) VALUES (83,'FRA','France','250','FR','33','L',1,1,CURRENT_TIMESTAMP)
 GO
INSERT INTO Country(ID,Code,DisplayName,ISOCode,ShortCode,ISDCode,RiskLevel,Active,CreatedBy,CreatedOn) VALUES (84,'GUF','French Guiana','254','GF','594','H',1,1,CURRENT_TIMESTAMP)
 GO
INSERT INTO Country(ID,Code,DisplayName,ISOCode,ShortCode,ISDCode,RiskLevel,Active,CreatedBy,CreatedOn) VALUES (85,'PYF','French Polynesia','258','PF','689','H',1,1,CURRENT_TIMESTAMP)
 GO
INSERT INTO Country(ID,Code,DisplayName,ISOCode,ShortCode,ISDCode,RiskLevel,Active,CreatedBy,CreatedOn) VALUES (86,'ATF','French Southern Territories','260','TF','0','H',1,1,CURRENT_TIMESTAMP)
 GO
INSERT INTO Country(ID,Code,DisplayName,ISOCode,ShortCode,ISDCode,RiskLevel,Active,CreatedBy,CreatedOn) VALUES (87,'GAB','Gabon','266','GA','241','H',1,1,CURRENT_TIMESTAMP)
 GO
INSERT INTO Country(ID,Code,DisplayName,ISOCode,ShortCode,ISDCode,RiskLevel,Active,CreatedBy,CreatedOn) VALUES (88,'GMB','Gambia','270','GM','220','H',1,1,CURRENT_TIMESTAMP)
 GO
INSERT INTO Country(ID,Code,DisplayName,ISOCode,ShortCode,ISDCode,RiskLevel,Active,CreatedBy,CreatedOn) VALUES (89,'GEO','Georgia','268','GE','995','H',1,1,CURRENT_TIMESTAMP)
 GO
INSERT INTO Country(ID,Code,DisplayName,ISOCode,ShortCode,ISDCode,RiskLevel,Active,CreatedBy,CreatedOn) VALUES (90,'DEU','Germany','276','DE','49','L',1,1,CURRENT_TIMESTAMP)
 GO
INSERT INTO Country(ID,Code,DisplayName,ISOCode,ShortCode,ISDCode,RiskLevel,Active,CreatedBy,CreatedOn) VALUES (91,'GHA','Ghana','288','GH','233','H',1,1,CURRENT_TIMESTAMP)
 GO
INSERT INTO Country(ID,Code,DisplayName,ISOCode,ShortCode,ISDCode,RiskLevel,Active,CreatedBy,CreatedOn) VALUES (92,'GIB','Gibraltar','292','GI','350','L',1,1,CURRENT_TIMESTAMP)
 GO
INSERT INTO Country(ID,Code,DisplayName,ISOCode,ShortCode,ISDCode,RiskLevel,Active,CreatedBy,CreatedOn) VALUES (93,'GRC','Greece','300','GR','30','L',1,1,CURRENT_TIMESTAMP)
 GO
INSERT INTO Country(ID,Code,DisplayName,ISOCode,ShortCode,ISDCode,RiskLevel,Active,CreatedBy,CreatedOn) VALUES (94,'GRL','Greenland','304','GL','299','H',1,1,CURRENT_TIMESTAMP)
 GO
INSERT INTO Country(ID,Code,DisplayName,ISOCode,ShortCode,ISDCode,RiskLevel,Active,CreatedBy,CreatedOn) VALUES (95,'GRD','Grenada','308','GD','001-473','H',1,1,CURRENT_TIMESTAMP)
 GO
INSERT INTO Country(ID,Code,DisplayName,ISOCode,ShortCode,ISDCode,RiskLevel,Active,CreatedBy,CreatedOn) VALUES (96,'GLP','Guadeloupe','312','GP','590','H',1,1,CURRENT_TIMESTAMP)
 GO
INSERT INTO Country(ID,Code,DisplayName,ISOCode,ShortCode,ISDCode,RiskLevel,Active,CreatedBy,CreatedOn) VALUES (97,'GUM','Guam','316','GU','671','H',1,1,CURRENT_TIMESTAMP)
 GO
INSERT INTO Country(ID,Code,DisplayName,ISOCode,ShortCode,ISDCode,RiskLevel,Active,CreatedBy,CreatedOn) VALUES (98,'GTM','Guatemala','320','GT','502','H',1,1,CURRENT_TIMESTAMP)
 GO
INSERT INTO Country(ID,Code,DisplayName,ISOCode,ShortCode,ISDCode,RiskLevel,Active,CreatedBy,CreatedOn) VALUES (99,'GGY','Guernsey','831','GG','0','L',1,1,CURRENT_TIMESTAMP)
 GO
INSERT INTO Country(ID,Code,DisplayName,ISOCode,ShortCode,ISDCode,RiskLevel,Active,CreatedBy,CreatedOn) VALUES (100,'GIN','Guinea','324','GN','224','H',1,1,CURRENT_TIMESTAMP)
 GO
INSERT INTO Country(ID,Code,DisplayName,ISOCode,ShortCode,ISDCode,RiskLevel,Active,CreatedBy,CreatedOn) VALUES (101,'GNB','Guinea-Bissau','624','GW','245','H',1,1,CURRENT_TIMESTAMP)
 GO
INSERT INTO Country(ID,Code,DisplayName,ISOCode,ShortCode,ISDCode,RiskLevel,Active,CreatedBy,CreatedOn) VALUES (102,'GUY','Guyana','328','GY','592','H',1,1,CURRENT_TIMESTAMP)
 GO
INSERT INTO Country(ID,Code,DisplayName,ISOCode,ShortCode,ISDCode,RiskLevel,Active,CreatedBy,CreatedOn) VALUES (103,'HTI','Haiti','332','HT','509','H',1,1,CURRENT_TIMESTAMP)
 GO
INSERT INTO Country(ID,Code,DisplayName,ISOCode,ShortCode,ISDCode,RiskLevel,Active,CreatedBy,CreatedOn) VALUES (104,'HMD','Heard And Mc Donald Islands','334','HM','0','H',1,1,CURRENT_TIMESTAMP)
 GO
INSERT INTO Country(ID,Code,DisplayName,ISOCode,ShortCode,ISDCode,RiskLevel,Active,CreatedBy,CreatedOn) VALUES (105,'VAT','Holy See (Vatican City State)','336','VA','39','H',1,1,CURRENT_TIMESTAMP)
 GO
INSERT INTO Country(ID,Code,DisplayName,ISOCode,ShortCode,ISDCode,RiskLevel,Active,CreatedBy,CreatedOn) VALUES (106,'HND','Honduras','340','HN','504','H',1,1,CURRENT_TIMESTAMP)
 GO
INSERT INTO Country(ID,Code,DisplayName,ISOCode,ShortCode,ISDCode,RiskLevel,Active,CreatedBy,CreatedOn) VALUES (107,'HKG','Hong Kong','344','HK','852','L',1,1,CURRENT_TIMESTAMP)
 GO
INSERT INTO Country(ID,Code,DisplayName,ISOCode,ShortCode,ISDCode,RiskLevel,Active,CreatedBy,CreatedOn) VALUES (108,'HUN','Hungary','348','HU','36','L',1,1,CURRENT_TIMESTAMP)
 GO
INSERT INTO Country(ID,Code,DisplayName,ISOCode,ShortCode,ISDCode,RiskLevel,Active,CreatedBy,CreatedOn) VALUES (109,'ISL','Iceland','352','IS','354','L',1,1,CURRENT_TIMESTAMP)
 GO
INSERT INTO Country(ID,Code,DisplayName,ISOCode,ShortCode,ISDCode,RiskLevel,Active,CreatedBy,CreatedOn) VALUES (110,'IDN','Indonesia','360','ID','62','H',1,1,CURRENT_TIMESTAMP)
 GO
INSERT INTO Country(ID,Code,DisplayName,ISOCode,ShortCode,ISDCode,RiskLevel,Active,CreatedBy,CreatedOn) VALUES (111,'IRN','Iran (Islamic Republic Of)','364','IR','98','S',1,1,CURRENT_TIMESTAMP)
 GO
INSERT INTO Country(ID,Code,DisplayName,ISOCode,ShortCode,ISDCode,RiskLevel,Active,CreatedBy,CreatedOn) VALUES (112,'IRQ','Iraq','368','IQ','964','S',1,1,CURRENT_TIMESTAMP)
 GO
INSERT INTO Country(ID,Code,DisplayName,ISOCode,ShortCode,ISDCode,RiskLevel,Active,CreatedBy,CreatedOn) VALUES (113,'IRL','Ireland','372','IE','353','L',1,1,CURRENT_TIMESTAMP)
 GO
INSERT INTO Country(ID,Code,DisplayName,ISOCode,ShortCode,ISDCode,RiskLevel,Active,CreatedBy,CreatedOn) VALUES (114,'IMN','Isle of Man','833','IM','0','L',1,1,CURRENT_TIMESTAMP)
 GO
INSERT INTO Country(ID,Code,DisplayName,ISOCode,ShortCode,ISDCode,RiskLevel,Active,CreatedBy,CreatedOn) VALUES (115,'ISR','Israel','376','IL','972','H',1,1,CURRENT_TIMESTAMP)
 GO
INSERT INTO Country(ID,Code,DisplayName,ISOCode,ShortCode,ISDCode,RiskLevel,Active,CreatedBy,CreatedOn) VALUES (116,'ITA','Italy','380','IT','39','L',1,1,CURRENT_TIMESTAMP)
 GO
INSERT INTO Country(ID,Code,DisplayName,ISOCode,ShortCode,ISDCode,RiskLevel,Active,CreatedBy,CreatedOn) VALUES (117,'JAM','Jamaica','388','JM','001-876','H',1,1,CURRENT_TIMESTAMP)
 GO
INSERT INTO Country(ID,Code,DisplayName,ISOCode,ShortCode,ISDCode,RiskLevel,Active,CreatedBy,CreatedOn) VALUES (118,'JPN','Japan','392','JP','81','L',1,1,CURRENT_TIMESTAMP)
 GO
INSERT INTO Country(ID,Code,DisplayName,ISOCode,ShortCode,ISDCode,RiskLevel,Active,CreatedBy,CreatedOn) VALUES (119,'JEY','Jersey','832','JE','0','L',1,1,CURRENT_TIMESTAMP)
 GO
INSERT INTO Country(ID,Code,DisplayName,ISOCode,ShortCode,ISDCode,RiskLevel,Active,CreatedBy,CreatedOn) VALUES (120,'JOR','Jordan','400','JO','962','H',1,1,CURRENT_TIMESTAMP)
 GO
INSERT INTO Country(ID,Code,DisplayName,ISOCode,ShortCode,ISDCode,RiskLevel,Active,CreatedBy,CreatedOn) VALUES (121,'KAZ','Kazakhstan','398','KZ','7','H',1,1,CURRENT_TIMESTAMP)
 GO
INSERT INTO Country(ID,Code,DisplayName,ISOCode,ShortCode,ISDCode,RiskLevel,Active,CreatedBy,CreatedOn) VALUES (122,'KEN','Kenya','404','KE','254','H',1,1,CURRENT_TIMESTAMP)
 GO
INSERT INTO Country(ID,Code,DisplayName,ISOCode,ShortCode,ISDCode,RiskLevel,Active,CreatedBy,CreatedOn) VALUES (123,'KIR','Kiribati','296','KI','686','H',1,1,CURRENT_TIMESTAMP)
 GO
INSERT INTO Country(ID,Code,DisplayName,ISOCode,ShortCode,ISDCode,RiskLevel,Active,CreatedBy,CreatedOn) VALUES (124,'PRK','Korea Democratic People''S Republic Of','408','KP','850','S',1,1,CURRENT_TIMESTAMP)
 GO
INSERT INTO Country(ID,Code,DisplayName,ISOCode,ShortCode,ISDCode,RiskLevel,Active,CreatedBy,CreatedOn) VALUES (125,'KOR','South Korea','410','KR','82','H',1,1,CURRENT_TIMESTAMP)
 GO
INSERT INTO Country(ID,Code,DisplayName,ISOCode,ShortCode,ISDCode,RiskLevel,Active,CreatedBy,CreatedOn) VALUES (126,'KWT','Kuwait','414','KW','965','H',1,1,CURRENT_TIMESTAMP)
 GO
INSERT INTO Country(ID,Code,DisplayName,ISOCode,ShortCode,ISDCode,RiskLevel,Active,CreatedBy,CreatedOn) VALUES (127,'KGZ','Kyrgyzstan','417','KG','996','H',1,1,CURRENT_TIMESTAMP)
 GO
INSERT INTO Country(ID,Code,DisplayName,ISOCode,ShortCode,ISDCode,RiskLevel,Active,CreatedBy,CreatedOn) VALUES (128,'LAO','Lao People''S Democratic Republic','418','LA','856','H',1,1,CURRENT_TIMESTAMP)
 GO
INSERT INTO Country(ID,Code,DisplayName,ISOCode,ShortCode,ISDCode,RiskLevel,Active,CreatedBy,CreatedOn) VALUES (129,'LVA','Latvia','428','LV','371','L',1,1,CURRENT_TIMESTAMP)
 GO
INSERT INTO Country(ID,Code,DisplayName,ISOCode,ShortCode,ISDCode,RiskLevel,Active,CreatedBy,CreatedOn) VALUES (130,'LBN','Lebanon','422','LB','961','S',0,1,CURRENT_TIMESTAMP)
 GO
INSERT INTO Country(ID,Code,DisplayName,ISOCode,ShortCode,ISDCode,RiskLevel,Active,CreatedBy,CreatedOn) VALUES (131,'LSO','Lesotho','426','LS','266','H',1,1,CURRENT_TIMESTAMP)
 GO
INSERT INTO Country(ID,Code,DisplayName,ISOCode,ShortCode,ISDCode,RiskLevel,Active,CreatedBy,CreatedOn) VALUES (132,'LBR','Liberia','430','LR','231','S',1,1,CURRENT_TIMESTAMP)
 GO
INSERT INTO Country(ID,Code,DisplayName,ISOCode,ShortCode,ISDCode,RiskLevel,Active,CreatedBy,CreatedOn) VALUES (133,'LBY','Libya','434','LY','218','S',1,1,CURRENT_TIMESTAMP)
 GO
INSERT INTO Country(ID,Code,DisplayName,ISOCode,ShortCode,ISDCode,RiskLevel,Active,CreatedBy,CreatedOn) VALUES (134,'LIE','Liechtenstein','438','LI','423','L',1,1,CURRENT_TIMESTAMP)
 GO
INSERT INTO Country(ID,Code,DisplayName,ISOCode,ShortCode,ISDCode,RiskLevel,Active,CreatedBy,CreatedOn) VALUES (135,'LTU','Lithuania','440','LT','370','L',1,1,CURRENT_TIMESTAMP)
 GO
INSERT INTO Country(ID,Code,DisplayName,ISOCode,ShortCode,ISDCode,RiskLevel,Active,CreatedBy,CreatedOn) VALUES (136,'LUX','Luxembourg','442','LU','352','L',1,1,CURRENT_TIMESTAMP)
 GO
INSERT INTO Country(ID,Code,DisplayName,ISOCode,ShortCode,ISDCode,RiskLevel,Active,CreatedBy,CreatedOn) VALUES (137,'MAC','Macau','446','MO','853','H',1,1,CURRENT_TIMESTAMP)
 GO
INSERT INTO Country(ID,Code,DisplayName,ISOCode,ShortCode,ISDCode,RiskLevel,Active,CreatedBy,CreatedOn) VALUES (138,'MKD','Macedonia','807','MK','389','H',1,1,CURRENT_TIMESTAMP)
 GO
INSERT INTO Country(ID,Code,DisplayName,ISOCode,ShortCode,ISDCode,RiskLevel,Active,CreatedBy,CreatedOn) VALUES (139,'MDG','Madagascar','450','MG','261','H',1,1,CURRENT_TIMESTAMP)
 GO
INSERT INTO Country(ID,Code,DisplayName,ISOCode,ShortCode,ISDCode,RiskLevel,Active,CreatedBy,CreatedOn) VALUES (140,'MWI','Malawi','454','MW','265','H',1,1,CURRENT_TIMESTAMP)
 GO
INSERT INTO Country(ID,Code,DisplayName,ISOCode,ShortCode,ISDCode,RiskLevel,Active,CreatedBy,CreatedOn) VALUES (141,'MYS','Malaysia','458','MY','60','H',1,1,CURRENT_TIMESTAMP)
 GO
INSERT INTO Country(ID,Code,DisplayName,ISOCode,ShortCode,ISDCode,RiskLevel,Active,CreatedBy,CreatedOn) VALUES (142,'MDV','Maldives','462','MV','960','H',1,1,CURRENT_TIMESTAMP)
 GO
INSERT INTO Country(ID,Code,DisplayName,ISOCode,ShortCode,ISDCode,RiskLevel,Active,CreatedBy,CreatedOn) VALUES (143,'MLI','Mali','466','ML','223','H',1,1,CURRENT_TIMESTAMP)
 GO
INSERT INTO Country(ID,Code,DisplayName,ISOCode,ShortCode,ISDCode,RiskLevel,Active,CreatedBy,CreatedOn) VALUES (144,'MLT','Malta','470','MT','356','L',1,1,CURRENT_TIMESTAMP)
 GO
INSERT INTO Country(ID,Code,DisplayName,ISOCode,ShortCode,ISDCode,RiskLevel,Active,CreatedBy,CreatedOn) VALUES (145,'MHL','Marshall Islands','485','MH','692','H',1,1,CURRENT_TIMESTAMP)
 GO
INSERT INTO Country(ID,Code,DisplayName,ISOCode,ShortCode,ISDCode,RiskLevel,Active,CreatedBy,CreatedOn) VALUES (146,'MTQ','Martinique','474','MQ','596','H',1,1,CURRENT_TIMESTAMP)
 GO
INSERT INTO Country(ID,Code,DisplayName,ISOCode,ShortCode,ISDCode,RiskLevel,Active,CreatedBy,CreatedOn) VALUES (147,'MRT','Mauritania','478','MR','222','H',1,1,CURRENT_TIMESTAMP)
 GO
INSERT INTO Country(ID,Code,DisplayName,ISOCode,ShortCode,ISDCode,RiskLevel,Active,CreatedBy,CreatedOn) VALUES (148,'MUS','Mauritius','480','MU','230','H',1,1,CURRENT_TIMESTAMP)
 GO
INSERT INTO Country(ID,Code,DisplayName,ISOCode,ShortCode,ISDCode,RiskLevel,Active,CreatedBy,CreatedOn) VALUES (149,'MYT','Mayotte','175','YT','269','H',1,1,CURRENT_TIMESTAMP)
 GO
INSERT INTO Country(ID,Code,DisplayName,ISOCode,ShortCode,ISDCode,RiskLevel,Active,CreatedBy,CreatedOn) VALUES (150,'MEX','Mexico','484','MX','52','H',1,1,CURRENT_TIMESTAMP)
 GO
INSERT INTO Country(ID,Code,DisplayName,ISOCode,ShortCode,ISDCode,RiskLevel,Active,CreatedBy,CreatedOn) VALUES (151,'FSM','Micronesia','583','FM','691','H',1,1,CURRENT_TIMESTAMP)
 GO
INSERT INTO Country(ID,Code,DisplayName,ISOCode,ShortCode,ISDCode,RiskLevel,Active,CreatedBy,CreatedOn) VALUES (152,'MDA','Moldova','498','MD','373','H',1,1,CURRENT_TIMESTAMP)
 GO
INSERT INTO Country(ID,Code,DisplayName,ISOCode,ShortCode,ISDCode,RiskLevel,Active,CreatedBy,CreatedOn) VALUES (153,'MCO','Monaco','492','MC','377','H',1,1,CURRENT_TIMESTAMP)
 GO
INSERT INTO Country(ID,Code,DisplayName,ISOCode,ShortCode,ISDCode,RiskLevel,Active,CreatedBy,CreatedOn) VALUES (154,'MNG','Mongolia','496','MN','976','H',1,1,CURRENT_TIMESTAMP)
 GO
INSERT INTO Country(ID,Code,DisplayName,ISOCode,ShortCode,ISDCode,RiskLevel,Active,CreatedBy,CreatedOn) VALUES (155,'MNE','Montenegro','499','ME','0','H',1,1,CURRENT_TIMESTAMP)
 GO
INSERT INTO Country(ID,Code,DisplayName,ISOCode,ShortCode,ISDCode,RiskLevel,Active,CreatedBy,CreatedOn) VALUES (156,'MSR','Montserrat','500','MS','1664','H',1,1,CURRENT_TIMESTAMP)
 GO
INSERT INTO Country(ID,Code,DisplayName,ISOCode,ShortCode,ISDCode,RiskLevel,Active,CreatedBy,CreatedOn) VALUES (157,'MAR','Morocco','504','MA','212','H',1,1,CURRENT_TIMESTAMP)
 GO
INSERT INTO Country(ID,Code,DisplayName,ISOCode,ShortCode,ISDCode,RiskLevel,Active,CreatedBy,CreatedOn) VALUES (158,'MOZ','Mozambique','508','MZ','258','H',1,1,CURRENT_TIMESTAMP)
 GO
INSERT INTO Country(ID,Code,DisplayName,ISOCode,ShortCode,ISDCode,RiskLevel,Active,CreatedBy,CreatedOn) VALUES (159,'MMR','Myanmar','104','MM','95','S',1,1,CURRENT_TIMESTAMP)
 GO
INSERT INTO Country(ID,Code,DisplayName,ISOCode,ShortCode,ISDCode,RiskLevel,Active,CreatedBy,CreatedOn) VALUES (160,'NAM','Namibia','516','NA','264','H',1,1,CURRENT_TIMESTAMP)
 GO
INSERT INTO Country(ID,Code,DisplayName,ISOCode,ShortCode,ISDCode,RiskLevel,Active,CreatedBy,CreatedOn) VALUES (161,'NRU','Nauru','520','NR','674','H',1,1,CURRENT_TIMESTAMP)
 GO
INSERT INTO Country(ID,Code,DisplayName,ISOCode,ShortCode,ISDCode,RiskLevel,Active,CreatedBy,CreatedOn) VALUES (162,'NPL','Nepal','524','NP','977','H',1,1,CURRENT_TIMESTAMP)
 GO
INSERT INTO Country(ID,Code,DisplayName,ISOCode,ShortCode,ISDCode,RiskLevel,Active,CreatedBy,CreatedOn) VALUES (163,'ANT','Netherland Antilles','528','AN','31','H',1,1,CURRENT_TIMESTAMP)
 GO
INSERT INTO Country(ID,Code,DisplayName,ISOCode,ShortCode,ISDCode,RiskLevel,Active,CreatedBy,CreatedOn) VALUES (164,'NCL','New Caledonia','540','NC','687','H',1,1,CURRENT_TIMESTAMP)
 GO
INSERT INTO Country(ID,Code,DisplayName,ISOCode,ShortCode,ISDCode,RiskLevel,Active,CreatedBy,CreatedOn) VALUES (165,'NZL','New Zealand','554','NZ','64','L',1,1,CURRENT_TIMESTAMP)
 GO
INSERT INTO Country(ID,Code,DisplayName,ISOCode,ShortCode,ISDCode,RiskLevel,Active,CreatedBy,CreatedOn) VALUES (166,'NIC','Nicaragua','558','NI','505','H',1,1,CURRENT_TIMESTAMP)
 GO
INSERT INTO Country(ID,Code,DisplayName,ISOCode,ShortCode,ISDCode,RiskLevel,Active,CreatedBy,CreatedOn) VALUES (167,'NER','Niger','562','NE','227','H',1,1,CURRENT_TIMESTAMP)
 GO
INSERT INTO Country(ID,Code,DisplayName,ISOCode,ShortCode,ISDCode,RiskLevel,Active,CreatedBy,CreatedOn) VALUES (168,'NGA','Nigeria','566','NG','234','H',1,1,CURRENT_TIMESTAMP)
 GO
INSERT INTO Country(ID,Code,DisplayName,ISOCode,ShortCode,ISDCode,RiskLevel,Active,CreatedBy,CreatedOn) VALUES (169,'NIU','Niue','570','NU','683','H',1,1,CURRENT_TIMESTAMP)
 GO
INSERT INTO Country(ID,Code,DisplayName,ISOCode,ShortCode,ISDCode,RiskLevel,Active,CreatedBy,CreatedOn) VALUES (170,'NFK','Norfolk Islands','574','NF','00672-3','H',1,1,CURRENT_TIMESTAMP)
 GO
INSERT INTO Country(ID,Code,DisplayName,ISOCode,ShortCode,ISDCode,RiskLevel,Active,CreatedBy,CreatedOn) VALUES (171,'MNP','Northern Mariana Islands','580','MP','0','H',1,1,CURRENT_TIMESTAMP)
 GO
INSERT INTO Country(ID,Code,DisplayName,ISOCode,ShortCode,ISDCode,RiskLevel,Active,CreatedBy,CreatedOn) VALUES (172,'NOR','Norway','578','NO','47','L',1,1,CURRENT_TIMESTAMP)
 GO
INSERT INTO Country(ID,Code,DisplayName,ISOCode,ShortCode,ISDCode,RiskLevel,Active,CreatedBy,CreatedOn) VALUES (173,'OMN','Oman','512','OM','968','H',1,1,CURRENT_TIMESTAMP)
 GO
INSERT INTO Country(ID,Code,DisplayName,ISOCode,ShortCode,ISDCode,RiskLevel,Active,CreatedBy,CreatedOn) VALUES (174,'PAK','Pakistan','586','PK','92','H',1,1,CURRENT_TIMESTAMP)
 GO
INSERT INTO Country(ID,Code,DisplayName,ISOCode,ShortCode,ISDCode,RiskLevel,Active,CreatedBy,CreatedOn) VALUES (175,'PLW','Palau','585','PW','680','H',1,1,CURRENT_TIMESTAMP)
 GO
INSERT INTO Country(ID,Code,DisplayName,ISOCode,ShortCode,ISDCode,RiskLevel,Active,CreatedBy,CreatedOn) VALUES (176,'PSE','Palestinian Territory','275','PS','970','H',1,1,CURRENT_TIMESTAMP)
 GO
INSERT INTO Country(ID,Code,DisplayName,ISOCode,ShortCode,ISDCode,RiskLevel,Active,CreatedBy,CreatedOn) VALUES (177,'PAN','Panama','591','PA','507','H',1,1,CURRENT_TIMESTAMP)
 GO
INSERT INTO Country(ID,Code,DisplayName,ISOCode,ShortCode,ISDCode,RiskLevel,Active,CreatedBy,CreatedOn) VALUES (178,'PNG','Papua New Guinea','598','PG','675','H',1,1,CURRENT_TIMESTAMP)
 GO
INSERT INTO Country(ID,Code,DisplayName,ISOCode,ShortCode,ISDCode,RiskLevel,Active,CreatedBy,CreatedOn) VALUES (179,'PRY','Paraguay','600','PY','595','H',1,1,CURRENT_TIMESTAMP)
 GO
INSERT INTO Country(ID,Code,DisplayName,ISOCode,ShortCode,ISDCode,RiskLevel,Active,CreatedBy,CreatedOn) VALUES (180,'PER','Peru','604','PE','51','H',1,1,CURRENT_TIMESTAMP)
 GO
INSERT INTO Country(ID,Code,DisplayName,ISOCode,ShortCode,ISDCode,RiskLevel,Active,CreatedBy,CreatedOn) VALUES (181,'PHL','Philippines','608','PH','63','L',1,1,CURRENT_TIMESTAMP)
 GO
INSERT INTO Country(ID,Code,DisplayName,ISOCode,ShortCode,ISDCode,RiskLevel,Active,CreatedBy,CreatedOn) VALUES (182,'PCN','Pitcairn','612','PN','0','H',1,1,CURRENT_TIMESTAMP)
 GO
INSERT INTO Country(ID,Code,DisplayName,ISOCode,ShortCode,ISDCode,RiskLevel,Active,CreatedBy,CreatedOn) VALUES (183,'POL','Poland','616','PL','48','L',1,1,CURRENT_TIMESTAMP)
 GO
INSERT INTO Country(ID,Code,DisplayName,ISOCode,ShortCode,ISDCode,RiskLevel,Active,CreatedBy,CreatedOn) VALUES (184,'PRT','Portugal','620','PT','351','L',1,1,CURRENT_TIMESTAMP)
 GO
INSERT INTO Country(ID,Code,DisplayName,ISOCode,ShortCode,ISDCode,RiskLevel,Active,CreatedBy,CreatedOn) VALUES (185,'PRI','Puerto Rica','630','PR','1787','H',1,1,CURRENT_TIMESTAMP)
 GO
INSERT INTO Country(ID,Code,DisplayName,ISOCode,ShortCode,ISDCode,RiskLevel,Active,CreatedBy,CreatedOn) VALUES (186,'QAT','Qatar','634','QA','974','H',1,1,CURRENT_TIMESTAMP)
 GO
INSERT INTO Country(ID,Code,DisplayName,ISOCode,ShortCode,ISDCode,RiskLevel,Active,CreatedBy,CreatedOn) VALUES (187,'REU','Reunion','638','RE','262','H',1,1,CURRENT_TIMESTAMP)
 GO
INSERT INTO Country(ID,Code,DisplayName,ISOCode,ShortCode,ISDCode,RiskLevel,Active,CreatedBy,CreatedOn) VALUES (188,'ROU','Romania','642','RO','40','H',1,1,CURRENT_TIMESTAMP)
 GO
INSERT INTO Country(ID,Code,DisplayName,ISOCode,ShortCode,ISDCode,RiskLevel,Active,CreatedBy,CreatedOn) VALUES (189,'RUS','Russian Federation','643','RU','7','H',1,1,CURRENT_TIMESTAMP)
 GO
INSERT INTO Country(ID,Code,DisplayName,ISOCode,ShortCode,ISDCode,RiskLevel,Active,CreatedBy,CreatedOn) VALUES (190,'RWA','Rwanda','646','RW','250','H',1,1,CURRENT_TIMESTAMP)
 GO
INSERT INTO Country(ID,Code,DisplayName,ISOCode,ShortCode,ISDCode,RiskLevel,Active,CreatedBy,CreatedOn) VALUES (191,'SHN','Saint Helena Ascension And Tristan Da Cunha','654','SH','290','H',1,1,CURRENT_TIMESTAMP)
 GO
INSERT INTO Country(ID,Code,DisplayName,ISOCode,ShortCode,ISDCode,RiskLevel,Active,CreatedBy,CreatedOn) VALUES (192,'BLM','Saint BarthaLemy','652','BL','0','H',1,1,CURRENT_TIMESTAMP)
 GO
INSERT INTO Country(ID,Code,DisplayName,ISOCode,ShortCode,ISDCode,RiskLevel,Active,CreatedBy,CreatedOn) VALUES (193,'KNA','St Kitts and Nevis','659','KN','1869','H',1,1,CURRENT_TIMESTAMP)
 GO
INSERT INTO Country(ID,Code,DisplayName,ISOCode,ShortCode,ISDCode,RiskLevel,Active,CreatedBy,CreatedOn) VALUES (194,'LCA','St Lucia','662','LC','1758','H',1,1,CURRENT_TIMESTAMP)
 GO
INSERT INTO Country(ID,Code,DisplayName,ISOCode,ShortCode,ISDCode,RiskLevel,Active,CreatedBy,CreatedOn) VALUES (195,'SPM','Saint Pierre And Miquelon','666','PM','508','H',1,1,CURRENT_TIMESTAMP)
 GO
INSERT INTO Country(ID,Code,DisplayName,ISOCode,ShortCode,ISDCode,RiskLevel,Active,CreatedBy,CreatedOn) VALUES (196,'VCT','Saint Vincent and the Grenadines','670','VC','1809','H',1,1,CURRENT_TIMESTAMP)
 GO
INSERT INTO Country(ID,Code,DisplayName,ISOCode,ShortCode,ISDCode,RiskLevel,Active,CreatedBy,CreatedOn) VALUES (197,'WSM','Samoa','882','WS','685','H',1,1,CURRENT_TIMESTAMP)
 GO
INSERT INTO Country(ID,Code,DisplayName,ISOCode,ShortCode,ISDCode,RiskLevel,Active,CreatedBy,CreatedOn) VALUES (198,'SMR','San Marino','674','SM','378','H',1,1,CURRENT_TIMESTAMP)
 GO
INSERT INTO Country(ID,Code,DisplayName,ISOCode,ShortCode,ISDCode,RiskLevel,Active,CreatedBy,CreatedOn) VALUES (199,'STP','Sao Tome And Principe','678','ST','239','H',1,1,CURRENT_TIMESTAMP)
 GO
INSERT INTO Country(ID,Code,DisplayName,ISOCode,ShortCode,ISDCode,RiskLevel,Active,CreatedBy,CreatedOn) VALUES (200,'SAU','Saudi Arabia','682','SA','966','H',1,1,CURRENT_TIMESTAMP)
 GO
INSERT INTO Country(ID,Code,DisplayName,ISOCode,ShortCode,ISDCode,RiskLevel,Active,CreatedBy,CreatedOn) VALUES (201,'SEN','Senegal','686','SN','221','H',1,1,CURRENT_TIMESTAMP)
 GO
INSERT INTO Country(ID,Code,DisplayName,ISOCode,ShortCode,ISDCode,RiskLevel,Active,CreatedBy,CreatedOn) VALUES (202,'SRB','Serbia','688','RS','0','H',1,1,CURRENT_TIMESTAMP)
 GO
INSERT INTO Country(ID,Code,DisplayName,ISOCode,ShortCode,ISDCode,RiskLevel,Active,CreatedBy,CreatedOn) VALUES (203,'SYC','Seychelles','690','SC','248','H',1,1,CURRENT_TIMESTAMP)
 GO
INSERT INTO Country(ID,Code,DisplayName,ISOCode,ShortCode,ISDCode,RiskLevel,Active,CreatedBy,CreatedOn) VALUES (204,'SLE','Sierra Leone','694','SL','232','H',1,1,CURRENT_TIMESTAMP)
 GO
INSERT INTO Country(ID,Code,DisplayName,ISOCode,ShortCode,ISDCode,RiskLevel,Active,CreatedBy,CreatedOn) VALUES (205,'SGP','Singapore','702','SG','65','L',1,1,CURRENT_TIMESTAMP)
 GO
INSERT INTO Country(ID,Code,DisplayName,ISOCode,ShortCode,ISDCode,RiskLevel,Active,CreatedBy,CreatedOn) VALUES (206,'SXM','St. Maarten','534','SX','0','H',1,1,CURRENT_TIMESTAMP)
 GO
INSERT INTO Country(ID,Code,DisplayName,ISOCode,ShortCode,ISDCode,RiskLevel,Active,CreatedBy,CreatedOn) VALUES (207,'SVK','Slovakia','703','SK','421','L',1,1,CURRENT_TIMESTAMP)
 GO
INSERT INTO Country(ID,Code,DisplayName,ISOCode,ShortCode,ISDCode,RiskLevel,Active,CreatedBy,CreatedOn) VALUES (208,'SVN','Slovenia','705','SI','386','L',1,1,CURRENT_TIMESTAMP)
 GO
INSERT INTO Country(ID,Code,DisplayName,ISOCode,ShortCode,ISDCode,RiskLevel,Active,CreatedBy,CreatedOn) VALUES (209,'SLB','Solomon Islands','90 ','SB','677','H',1,1,CURRENT_TIMESTAMP)
 GO
INSERT INTO Country(ID,Code,DisplayName,ISOCode,ShortCode,ISDCode,RiskLevel,Active,CreatedBy,CreatedOn) VALUES (210,'SOM','Somalia','706','SO','252','S',1,1,CURRENT_TIMESTAMP)
 GO
INSERT INTO Country(ID,Code,DisplayName,ISOCode,ShortCode,ISDCode,RiskLevel,Active,CreatedBy,CreatedOn) VALUES (211,'SGS','South Georgia And The South Sandwich Islands','239','GS','0','H',1,1,CURRENT_TIMESTAMP)
 GO
INSERT INTO Country(ID,Code,DisplayName,ISOCode,ShortCode,ISDCode,RiskLevel,Active,CreatedBy,CreatedOn) VALUES (212,'SSD','South Sudan','728','SS','0','S',1,1,CURRENT_TIMESTAMP)
 GO
INSERT INTO Country(ID,Code,DisplayName,ISOCode,ShortCode,ISDCode,RiskLevel,Active,CreatedBy,CreatedOn) VALUES (213,'LKA','Sri Lanka','144','LK','94','H',1,1,CURRENT_TIMESTAMP)
 GO
INSERT INTO Country(ID,Code,DisplayName,ISOCode,ShortCode,ISDCode,RiskLevel,Active,CreatedBy,CreatedOn) VALUES (214,'SDN','Sudan','729','SD','249','H',1,1,CURRENT_TIMESTAMP)
 GO
INSERT INTO Country(ID,Code,DisplayName,ISOCode,ShortCode,ISDCode,RiskLevel,Active,CreatedBy,CreatedOn) VALUES (215,'SUR','Suriname','740','SR','597','H',1,1,CURRENT_TIMESTAMP)
 GO
INSERT INTO Country(ID,Code,DisplayName,ISOCode,ShortCode,ISDCode,RiskLevel,Active,CreatedBy,CreatedOn) VALUES (216,'SJM','Svalbard And Jan Mayen Islands','744','SJ','0','H',1,1,CURRENT_TIMESTAMP)
 GO
INSERT INTO Country(ID,Code,DisplayName,ISOCode,ShortCode,ISDCode,RiskLevel,Active,CreatedBy,CreatedOn) VALUES (217,'SWZ','Swaziland','748','SZ','268','H',1,1,CURRENT_TIMESTAMP)
 GO
INSERT INTO Country(ID,Code,DisplayName,ISOCode,ShortCode,ISDCode,RiskLevel,Active,CreatedBy,CreatedOn) VALUES (218,'SWE','Sweden','752','SE','46','L',1,1,CURRENT_TIMESTAMP)
 GO
INSERT INTO Country(ID,Code,DisplayName,ISOCode,ShortCode,ISDCode,RiskLevel,Active,CreatedBy,CreatedOn) VALUES (219,'SYR','Syrian Arab Republic','760','SY','963','S',1,1,CURRENT_TIMESTAMP)
 GO
INSERT INTO Country(ID,Code,DisplayName,ISOCode,ShortCode,ISDCode,RiskLevel,Active,CreatedBy,CreatedOn) VALUES (220,'TWN','Taiwan','158','TW','886','H',1,1,CURRENT_TIMESTAMP)
 GO
INSERT INTO Country(ID,Code,DisplayName,ISOCode,ShortCode,ISDCode,RiskLevel,Active,CreatedBy,CreatedOn) VALUES (221,'TJK','Tajikistan','762','TJ','992','H',1,1,CURRENT_TIMESTAMP)
 GO
INSERT INTO Country(ID,Code,DisplayName,ISOCode,ShortCode,ISDCode,RiskLevel,Active,CreatedBy,CreatedOn) VALUES (222,'TZA','Tanzania United Republic Of','834','TZ','255','H',1,1,CURRENT_TIMESTAMP)
 GO
INSERT INTO Country(ID,Code,DisplayName,ISOCode,ShortCode,ISDCode,RiskLevel,Active,CreatedBy,CreatedOn) VALUES (223,'THA','Thailand','764','TH','66','L',1,1,CURRENT_TIMESTAMP)
 GO
INSERT INTO Country(ID,Code,DisplayName,ISOCode,ShortCode,ISDCode,RiskLevel,Active,CreatedBy,CreatedOn) VALUES (224,'TLS','Timor-Leste','626','TL','0','H',1,1,CURRENT_TIMESTAMP)
 GO
INSERT INTO Country(ID,Code,DisplayName,ISOCode,ShortCode,ISDCode,RiskLevel,Active,CreatedBy,CreatedOn) VALUES (225,'TGO','Togo','768','TG','228','H',1,1,CURRENT_TIMESTAMP)
 GO
INSERT INTO Country(ID,Code,DisplayName,ISOCode,ShortCode,ISDCode,RiskLevel,Active,CreatedBy,CreatedOn) VALUES (226,'TKL','Tokelau','772','TK','0','H',1,1,CURRENT_TIMESTAMP)
 GO
INSERT INTO Country(ID,Code,DisplayName,ISOCode,ShortCode,ISDCode,RiskLevel,Active,CreatedBy,CreatedOn) VALUES (227,'TON','Tongo','776','TO','676','H',1,1,CURRENT_TIMESTAMP)
 GO
INSERT INTO Country(ID,Code,DisplayName,ISOCode,ShortCode,ISDCode,RiskLevel,Active,CreatedBy,CreatedOn) VALUES (228,'TTO','Trinidad And Tobago','780','TT','1868','H',1,1,CURRENT_TIMESTAMP)
 GO
INSERT INTO Country(ID,Code,DisplayName,ISOCode,ShortCode,ISDCode,RiskLevel,Active,CreatedBy,CreatedOn) VALUES (229,'TUN','Tunisia','788','TN','216','H',1,1,CURRENT_TIMESTAMP)
 GO
INSERT INTO Country(ID,Code,DisplayName,ISOCode,ShortCode,ISDCode,RiskLevel,Active,CreatedBy,CreatedOn) VALUES (230,'TUR','Turkey','792','TR','90','H',1,1,CURRENT_TIMESTAMP)
 GO
INSERT INTO Country(ID,Code,DisplayName,ISOCode,ShortCode,ISDCode,RiskLevel,Active,CreatedBy,CreatedOn) VALUES (231,'TKM','Turkmenistan','795','TM','993','H',1,1,CURRENT_TIMESTAMP)
 GO
INSERT INTO Country(ID,Code,DisplayName,ISOCode,ShortCode,ISDCode,RiskLevel,Active,CreatedBy,CreatedOn) VALUES (232,'TCA','Turks and Caicos','796','TC','1649','H',1,1,CURRENT_TIMESTAMP)
 GO
INSERT INTO Country(ID,Code,DisplayName,ISOCode,ShortCode,ISDCode,RiskLevel,Active,CreatedBy,CreatedOn) VALUES (233,'TUV','Tuvalu','798','TV','688','H',1,1,CURRENT_TIMESTAMP)
 GO
INSERT INTO Country(ID,Code,DisplayName,ISOCode,ShortCode,ISDCode,RiskLevel,Active,CreatedBy,CreatedOn) VALUES (234,'UGA','Uganda','800','UG','256','H',1,1,CURRENT_TIMESTAMP)
 GO
INSERT INTO Country(ID,Code,DisplayName,ISOCode,ShortCode,ISDCode,RiskLevel,Active,CreatedBy,CreatedOn) VALUES (235,'UKR','Ukraine','804','UA','380','H',1,1,CURRENT_TIMESTAMP)
 GO
INSERT INTO Country(ID,Code,DisplayName,ISOCode,ShortCode,ISDCode,RiskLevel,Active,CreatedBy,CreatedOn) VALUES (236,'UMI','United States Minor Outlying Islands','581','UM','0','H',1,1,CURRENT_TIMESTAMP)
 GO
INSERT INTO Country(ID,Code,DisplayName,ISOCode,ShortCode,ISDCode,RiskLevel,Active,CreatedBy,CreatedOn) VALUES (237,'URY','Uruguay','858','UY','598','H',1,1,CURRENT_TIMESTAMP)
 GO
INSERT INTO Country(ID,Code,DisplayName,ISOCode,ShortCode,ISDCode,RiskLevel,Active,CreatedBy,CreatedOn) VALUES (238,'UZB','Uzbekistan','860','UZ','998','H',1,1,CURRENT_TIMESTAMP)
 GO
INSERT INTO Country(ID,Code,DisplayName,ISOCode,ShortCode,ISDCode,RiskLevel,Active,CreatedBy,CreatedOn) VALUES (239,'VUT','Vanuatu','548','VU','678','H',1,1,CURRENT_TIMESTAMP)
 GO
INSERT INTO Country(ID,Code,DisplayName,ISOCode,ShortCode,ISDCode,RiskLevel,Active,CreatedBy,CreatedOn) VALUES (240,'VEN','Venezuela Bolivarian Republic Of','862','VE','58','H',1,1,CURRENT_TIMESTAMP)
 GO
INSERT INTO Country(ID,Code,DisplayName,ISOCode,ShortCode,ISDCode,RiskLevel,Active,CreatedBy,CreatedOn) VALUES (241,'VNM','Vietnam','704','VN','84','H',1,1,CURRENT_TIMESTAMP)
 GO
INSERT INTO Country(ID,Code,DisplayName,ISOCode,ShortCode,ISDCode,RiskLevel,Active,CreatedBy,CreatedOn) VALUES (242,'VGB','British Virgin Islands','092','VG','001-284','H',1,1,CURRENT_TIMESTAMP)
 GO
INSERT INTO Country(ID,Code,DisplayName,ISOCode,ShortCode,ISDCode,RiskLevel,Active,CreatedBy,CreatedOn) VALUES (243,'VIR','US Virgin Islands','850','VI','001-340','H',1,1,CURRENT_TIMESTAMP)
 GO
INSERT INTO Country(ID,Code,DisplayName,ISOCode,ShortCode,ISDCode,RiskLevel,Active,CreatedBy,CreatedOn) VALUES (244,'WLF','Wallis And Futuna Islands','876','WF','681','H',1,1,CURRENT_TIMESTAMP)
 GO
INSERT INTO Country(ID,Code,DisplayName,ISOCode,ShortCode,ISDCode,RiskLevel,Active,CreatedBy,CreatedOn) VALUES (245,'ESH','Western Sahara','732','EH','0','H',1,1,CURRENT_TIMESTAMP)
 GO
INSERT INTO Country(ID,Code,DisplayName,ISOCode,ShortCode,ISDCode,RiskLevel,Active,CreatedBy,CreatedOn) VALUES (246,'YEM','Yemen','887','YE','967','S',1,1,CURRENT_TIMESTAMP)
 GO
INSERT INTO Country(ID,Code,DisplayName,ISOCode,ShortCode,ISDCode,RiskLevel,Active,CreatedBy,CreatedOn) VALUES (247,'ZMB','Zambia','894','ZM','260','H',1,1,CURRENT_TIMESTAMP)
 GO
INSERT INTO Country(ID,Code,DisplayName,ISOCode,ShortCode,ISDCode,RiskLevel,Active,CreatedBy,CreatedOn) VALUES (248,'ZWE','Zimbabwe','716','ZW','263','S',1,1,CURRENT_TIMESTAMP)
 GO
INSERT INTO Country(ID,Code,DisplayName,ISOCode,ShortCode,ISDCode,RiskLevel,Active,CreatedBy,CreatedOn) VALUES (249,'NLD','Netherlands','528','NL','31','L',1,1,CURRENT_TIMESTAMP)
 GO
INSERT INTO Country(ID,Code,DisplayName,ISOCode,ShortCode,ISDCode,RiskLevel,Active,CreatedBy,CreatedOn) VALUES (250,'GBA','Alderney','826','  ','441481','H',1,1,CURRENT_TIMESTAMP)
 GO
INSERT INTO Country(ID,Code,DisplayName,ISOCode,ShortCode,ISDCode,RiskLevel,Active,CreatedBy,CreatedOn) VALUES (251,'GEA','AbKhazia','643','AB','840','H',1,1,CURRENT_TIMESTAMP)
 GO

 
INSERT INTO Country(ID,Code,DisplayName,ISOCode,ShortCode,ISDCode,RiskLevel,Active,CreatedBy,CreatedOn) VALUES (252,'OIX','Offshore Islands','000','OI','000','H',1,1,CURRENT_TIMESTAMP)
 GO
 
INSERT INTO Country(ID,Code,DisplayName,ISOCode,ShortCode,ISDCode,RiskLevel,Active,CreatedBy,CreatedOn) VALUES (253,'RKS','Kosovo','000','XK','000','H',1,1,CURRENT_TIMESTAMP)
 GO
 
INSERT INTO Country(ID,Code,DisplayName,ISOCode,ShortCode,ISDCode,RiskLevel,Active,CreatedBy,CreatedOn) VALUES (254,'WBX','Palestine','000','WB','000','H',1,1,CURRENT_TIMESTAMP)
 GO
 
INSERT INTO Country(ID,Code,DisplayName,ISOCode,ShortCode,ISDCode,RiskLevel,Active,CreatedBy,CreatedOn) VALUES (255,'XAX','Australia/New Zealand','000','XA','000','H',1,1,CURRENT_TIMESTAMP)
 GO

INSERT INTO Country(ID,Code,DisplayName,ISOCode,ShortCode,ISDCode,RiskLevel,Active,CreatedBy,CreatedOn) VALUES (256,'XBX','S.East Asia','000','XB','000','H',1,1,CURRENT_TIMESTAMP)
 GO
  
INSERT INTO Country(ID,Code,DisplayName,ISOCode,ShortCode,ISDCode,RiskLevel,Active,CreatedBy,CreatedOn) VALUES (257,'XCX','Europe','000','XC','000','H',1,1,CURRENT_TIMESTAMP)
 GO

INSERT INTO Country(ID,Code,DisplayName,ISOCode,ShortCode,ISDCode,RiskLevel,Active,CreatedBy,CreatedOn) VALUES (258,'XDX','Dubai','000','XD','000','H',1,1,CURRENT_TIMESTAMP)
 GO

INSERT INTO Country(ID,Code,DisplayName,ISOCode,ShortCode,ISDCode,RiskLevel,Active,CreatedBy,CreatedOn) VALUES (259,'YUX','Yugoslavia','000','YU','000','H',1,1,CURRENT_TIMESTAMP)
 GO

INSERT INTO Country(ID,Code,DisplayName,ISOCode,ShortCode,ISDCode,RiskLevel,Active,CreatedBy,CreatedOn) VALUES (260,'AKT','Akrotiri','000','AK','000','H',1,1,CURRENT_TIMESTAMP)
 GO

INSERT INTO Country(ID,Code,DisplayName,ISOCode,ShortCode,ISDCode,RiskLevel,Active,CreatedBy,CreatedOn) VALUES (261,'LBU','Labuan','000','LB','000','H',1,1,CURRENT_TIMESTAMP)
 GO

INSERT INTO Country(ID,Code,DisplayName,ISOCode,ShortCode,ISDCode,RiskLevel,Active,CreatedBy,CreatedOn) VALUES (262,'MFX','Saint Martin','000','MF','000','H',1,1,CURRENT_TIMESTAMP)
 GO
 
/*-----------------------------------------------------Country State Seed Data----------------------------------- --*/

INSERT INTO Countrystate(Country,DisplayName,Code,Active,CDLicenseStatus,CreatedBy,CreatedOn,TradeStateID) VALUES (2,'Alabama','AL',1,1,1,CURRENT_TIMESTAMP,9);
 GO
INSERT INTO Countrystate(Country,DisplayName,Code,Active,CDLicenseStatus,CreatedBy,CreatedOn,TradeStateID) VALUES (2,'Alaska','AK',1,0,1,CURRENT_TIMESTAMP,10)
 GO
INSERT INTO Countrystate(Country,DisplayName,Code,Active,CDLicenseStatus,CreatedBy,CreatedOn,TradeStateID) VALUES (2,'American Samoa','AS',1,1,1,CURRENT_TIMESTAMP,11)
 GO
INSERT INTO Countrystate(Country,DisplayName,Code,Active,CDLicenseStatus,CreatedBy,CreatedOn,TradeStateID) VALUES (2,'Arizona','AZ',1,0,1,CURRENT_TIMESTAMP,12)
 GO
INSERT INTO Countrystate(Country,DisplayName,Code,Active,CDLicenseStatus,CreatedBy,CreatedOn,TradeStateID) VALUES (2,'Arkansas','AR',1,0,1,CURRENT_TIMESTAMP,13)
 GO
INSERT INTO Countrystate(Country,DisplayName,Code,Active,CDLicenseStatus,CreatedBy,CreatedOn,TradeStateID) VALUES (2,'California','CA',1,1,1,CURRENT_TIMESTAMP,14)
 GO
INSERT INTO Countrystate(Country,DisplayName,Code,Active,CDLicenseStatus,CreatedBy,CreatedOn,TradeStateID) VALUES (2,'Colorado','CO',1,0,1,CURRENT_TIMESTAMP,15)
 GO
INSERT INTO Countrystate(Country,DisplayName,Code,Active,CDLicenseStatus,CreatedBy,CreatedOn,TradeStateID) VALUES (2,'Connecticut','CT',1,1,1,CURRENT_TIMESTAMP,16)
 GO
INSERT INTO Countrystate(Country,DisplayName,Code,Active,CDLicenseStatus,CreatedBy,CreatedOn,TradeStateID) VALUES (2,'Delaware','DE',1,1,1,CURRENT_TIMESTAMP,17)
 GO
INSERT INTO Countrystate(Country,DisplayName,Code,Active,CDLicenseStatus,CreatedBy,CreatedOn,TradeStateID) VALUES (2,'District of Columbia','DC',1,1,1,CURRENT_TIMESTAMP,18)
 GO
INSERT INTO Countrystate(Country,DisplayName,Code,Active,CDLicenseStatus,CreatedBy,CreatedOn,TradeStateID) VALUES (2,'Florida','FL',1,2,1,CURRENT_TIMESTAMP,19)
 GO
INSERT INTO Countrystate(Country,DisplayName,Code,Active,CDLicenseStatus,CreatedBy,CreatedOn,TradeStateID) VALUES (2,'Georgia','GA',1,2,1,CURRENT_TIMESTAMP,20)
 GO
INSERT INTO Countrystate(Country,DisplayName,Code,Active,CDLicenseStatus,CreatedBy,CreatedOn,TradeStateID) VALUES (2,'Guam','GU',1,0,1,CURRENT_TIMESTAMP,21)
 GO
INSERT INTO Countrystate(Country,DisplayName,Code,Active,CDLicenseStatus,CreatedBy,CreatedOn,TradeStateID) VALUES (2,'Hawaii','HI',1,1,1,CURRENT_TIMESTAMP,22)
 GO
INSERT INTO Countrystate(Country,DisplayName,Code,Active,CDLicenseStatus,CreatedBy,CreatedOn,TradeStateID) VALUES (2,'Idaho','ID',1,1,1,CURRENT_TIMESTAMP,23)
 GO
INSERT INTO Countrystate(Country,DisplayName,Code,Active,CDLicenseStatus,CreatedBy,CreatedOn,TradeStateID) VALUES (2,'Illinois','IL',1,0,1,CURRENT_TIMESTAMP,24)
 GO
INSERT INTO Countrystate(Country,DisplayName,Code,Active,CDLicenseStatus,CreatedBy,CreatedOn,TradeStateID) VALUES (2,'Indiana','IN',1,1,1,CURRENT_TIMESTAMP,25)
 GO
INSERT INTO Countrystate(Country,DisplayName,Code,Active,CDLicenseStatus,CreatedBy,CreatedOn,TradeStateID) VALUES (2,'Iowa','IA',1,0,1,CURRENT_TIMESTAMP,26)
 GO
INSERT INTO Countrystate(Country,DisplayName,Code,Active,CDLicenseStatus,CreatedBy,CreatedOn,TradeStateID) VALUES (2,'Kansas','KS',1,1,1,CURRENT_TIMESTAMP,27)
 GO
INSERT INTO Countrystate(Country,DisplayName,Code,Active,CDLicenseStatus,CreatedBy,CreatedOn,TradeStateID) VALUES (2,'Kentucky','KY',1,1,1,CURRENT_TIMESTAMP,28)
 GO
INSERT INTO Countrystate(Country,DisplayName,Code,Active,CDLicenseStatus,CreatedBy,CreatedOn,TradeStateID) VALUES (2,'Louisiana','LA',1,1,1,CURRENT_TIMESTAMP,29)
 GO
INSERT INTO Countrystate(Country,DisplayName,Code,Active,CDLicenseStatus,CreatedBy,CreatedOn,TradeStateID) VALUES (2,'Maine','ME',1,0,1,CURRENT_TIMESTAMP,30)
 GO
INSERT INTO Countrystate(Country,DisplayName,Code,Active,CDLicenseStatus,CreatedBy,CreatedOn,TradeStateID) VALUES (2,'Maryland','MD',1,1,1,CURRENT_TIMESTAMP,31)
 GO
INSERT INTO Countrystate(Country,DisplayName,Code,Active,CDLicenseStatus,CreatedBy,CreatedOn,TradeStateID) VALUES (2,'Massachusetts','MA',1,1,1,CURRENT_TIMESTAMP,32)
 GO
INSERT INTO Countrystate(Country,DisplayName,Code,Active,CDLicenseStatus,CreatedBy,CreatedOn,TradeStateID) VALUES (2,'Michigan','MI',1,1,1,CURRENT_TIMESTAMP,33)
 GO
INSERT INTO Countrystate(Country,DisplayName,Code,Active,CDLicenseStatus,CreatedBy,CreatedOn,TradeStateID) VALUES (2,'Minnesota','MN',1,1,1,CURRENT_TIMESTAMP,34)
 GO
INSERT INTO Countrystate(Country,DisplayName,Code,Active,CDLicenseStatus,CreatedBy,CreatedOn,TradeStateID) VALUES (2,'Mississippi','MS',1,1,1,CURRENT_TIMESTAMP,35)
 GO
INSERT INTO Countrystate(Country,DisplayName,Code,Active,CDLicenseStatus,CreatedBy,CreatedOn,TradeStateID) VALUES (2,'Missouri','MO',1,1,1,CURRENT_TIMESTAMP,36)
 GO
INSERT INTO Countrystate(Country,DisplayName,Code,Active,CDLicenseStatus,CreatedBy,CreatedOn,TradeStateID) VALUES (2,'Montana','MT',1,2,1,CURRENT_TIMESTAMP,37)
 GO
INSERT INTO Countrystate(Country,DisplayName,Code,Active,CDLicenseStatus,CreatedBy,CreatedOn,TradeStateID) VALUES (2,'Nebraska','NE',1,1,1,CURRENT_TIMESTAMP,38)
 GO
INSERT INTO Countrystate(Country,DisplayName,Code,Active,CDLicenseStatus,CreatedBy,CreatedOn,TradeStateID) VALUES (2,'Nevada','NV',1,1,1,CURRENT_TIMESTAMP,39)
 GO
INSERT INTO Countrystate(Country,DisplayName,Code,Active,CDLicenseStatus,CreatedBy,CreatedOn,TradeStateID) VALUES (2,'New Hampshire','NH',1,1,1,CURRENT_TIMESTAMP,40)
 GO
INSERT INTO Countrystate(Country,DisplayName,Code,Active,CDLicenseStatus,CreatedBy,CreatedOn,TradeStateID) VALUES (2,'New Jersey','NJ',1,1,1,CURRENT_TIMESTAMP,41)
 GO
INSERT INTO Countrystate(Country,DisplayName,Code,Active,CDLicenseStatus,CreatedBy,CreatedOn,TradeStateID) VALUES (2,'New Mexico','NM',1,2,1,CURRENT_TIMESTAMP,42)
 GO
INSERT INTO Countrystate(Country,DisplayName,Code,Active,CDLicenseStatus,CreatedBy,CreatedOn,TradeStateID) VALUES (2,'New York','NY',1,1,1,CURRENT_TIMESTAMP,43)
 GO
INSERT INTO Countrystate(Country,DisplayName,Code,Active,CDLicenseStatus,CreatedBy,CreatedOn,TradeStateID) VALUES (2,'North Carolina','NC',1,2,1,CURRENT_TIMESTAMP,44)
 GO
INSERT INTO Countrystate(Country,DisplayName,Code,Active,CDLicenseStatus,CreatedBy,CreatedOn,TradeStateID) VALUES (2,'North Dakota','ND',1,1,1,CURRENT_TIMESTAMP,45)
 GO
INSERT INTO Countrystate(Country,DisplayName,Code,Active,CDLicenseStatus,CreatedBy,CreatedOn,TradeStateID) VALUES (2,'Northern Mariana Islands','MP',1,0,1,CURRENT_TIMESTAMP,46)
 GO
INSERT INTO Countrystate(Country,DisplayName,Code,Active,CDLicenseStatus,CreatedBy,CreatedOn,TradeStateID) VALUES (2,'Ohio','OH',1,0,1,CURRENT_TIMESTAMP,47)
 GO
INSERT INTO Countrystate(Country,DisplayName,Code,Active,CDLicenseStatus,CreatedBy,CreatedOn,TradeStateID) VALUES (2,'Oklahoma','OK',1,0,1,CURRENT_TIMESTAMP,48)
 GO
INSERT INTO Countrystate(Country,DisplayName,Code,Active,CDLicenseStatus,CreatedBy,CreatedOn,TradeStateID) VALUES (2,'Oregon','OR',1,1,1,CURRENT_TIMESTAMP,49)
 GO
INSERT INTO Countrystate(Country,DisplayName,Code,Active,CDLicenseStatus,CreatedBy,CreatedOn,TradeStateID) VALUES (2,'Pennsylvania','PA',1,0,1,CURRENT_TIMESTAMP,50)
 GO
INSERT INTO Countrystate(Country,DisplayName,Code,Active,CDLicenseStatus,CreatedBy,CreatedOn,TradeStateID) VALUES (2,'Puerto Rico','PR',1,1,1,CURRENT_TIMESTAMP,51)
 GO
INSERT INTO Countrystate(Country,DisplayName,Code,Active,CDLicenseStatus,CreatedBy,CreatedOn,TradeStateID) VALUES (2,'Rhode Island','RI',1,0,1,CURRENT_TIMESTAMP,52)
 GO
INSERT INTO Countrystate(Country,DisplayName,Code,Active,CDLicenseStatus,CreatedBy,CreatedOn,TradeStateID) VALUES (2,'South Carolina','SC',1,2,1,CURRENT_TIMESTAMP,53)
 GO
INSERT INTO Countrystate(Country,DisplayName,Code,Active,CDLicenseStatus,CreatedBy,CreatedOn,TradeStateID) VALUES (2,'South Dakota','SD',1,1,1,CURRENT_TIMESTAMP,54)
 GO
INSERT INTO Countrystate(Country,DisplayName,Code,Active,CDLicenseStatus,CreatedBy,CreatedOn,TradeStateID) VALUES (2,'Tennessee','TN',1,1,1,CURRENT_TIMESTAMP,55)
 GO
INSERT INTO Countrystate(Country,DisplayName,Code,Active,CDLicenseStatus,CreatedBy,CreatedOn,TradeStateID) VALUES (2,'Texas','TX',1,0,1,CURRENT_TIMESTAMP,56)
 GO
INSERT INTO Countrystate(Country,DisplayName,Code,Active,CDLicenseStatus,CreatedBy,CreatedOn,TradeStateID) VALUES (2,'U.S. Virgin Islands','VI',1,0,1,CURRENT_TIMESTAMP,57)
 GO
INSERT INTO Countrystate(Country,DisplayName,Code,Active,CDLicenseStatus,CreatedBy,CreatedOn,TradeStateID) VALUES (2,'Utah','UT',1,1,1,CURRENT_TIMESTAMP,58)
 GO
INSERT INTO Countrystate(Country,DisplayName,Code,Active,CDLicenseStatus,CreatedBy,CreatedOn,TradeStateID) VALUES (2,'Vermont','VT',1,0,1,CURRENT_TIMESTAMP,59)
 GO
INSERT INTO Countrystate(Country,DisplayName,Code,Active,CDLicenseStatus,CreatedBy,CreatedOn,TradeStateID) VALUES (2,'Virginia','VA',1,1,1,CURRENT_TIMESTAMP,60)
 GO
INSERT INTO Countrystate(Country,DisplayName,Code,Active,CDLicenseStatus,CreatedBy,CreatedOn,TradeStateID) VALUES (2,'Washington','WA',1,0,1,CURRENT_TIMESTAMP,61)
 GO
INSERT INTO Countrystate(Country,DisplayName,Code,Active,CDLicenseStatus,CreatedBy,CreatedOn,TradeStateID) VALUES (2,'West Virginia','WV',1,0,1,CURRENT_TIMESTAMP,62)
 GO
INSERT INTO Countrystate(Country,DisplayName,Code,Active,CDLicenseStatus,CreatedBy,CreatedOn,TradeStateID) VALUES (2,'Wisconsin','WI',1,2,1,CURRENT_TIMESTAMP,63)
 GO
INSERT INTO Countrystate(Country,DisplayName,Code,Active,CDLicenseStatus,CreatedBy,CreatedOn,TradeStateID) VALUES (2,'Wyoming','WY',1,1,1,CURRENT_TIMESTAMP,64)
 GO
INSERT INTO Countrystate(Country,DisplayName,Code,Active,CDLicenseStatus,CreatedBy,CreatedOn,TradeStateID) VALUES (5,'Australian Capital Territory','ACT',1,2,1,CURRENT_TIMESTAMP,1)
 GO
INSERT INTO Countrystate(Country,DisplayName,Code,Active,CDLicenseStatus,CreatedBy,CreatedOn,TradeStateID) VALUES (5,'New South Wales','NSW',1,2,1,CURRENT_TIMESTAMP,2)
 GO
INSERT INTO Countrystate(Country,DisplayName,Code,Active,CDLicenseStatus,CreatedBy,CreatedOn,TradeStateID) VALUES (5,'Northern Territory','NT',1,2,1,CURRENT_TIMESTAMP,3)
 GO
INSERT INTO Countrystate(Country,DisplayName,Code,Active,CDLicenseStatus,CreatedBy,CreatedOn,TradeStateID) VALUES (5,'Queensland','QLD',1,2,1,CURRENT_TIMESTAMP,4)
 GO
INSERT INTO Countrystate(Country,DisplayName,Code,Active,CDLicenseStatus,CreatedBy,CreatedOn,TradeStateID) VALUES (5,'South Australia','SA',1,2,1,CURRENT_TIMESTAMP,5)
 GO
INSERT INTO Countrystate(Country,DisplayName,Code,Active,CDLicenseStatus,CreatedBy,CreatedOn,TradeStateID) VALUES (5,'Tasmania','TAS',1,2,1,CURRENT_TIMESTAMP,6)
 GO
INSERT INTO Countrystate(Country,DisplayName,Code,Active,CDLicenseStatus,CreatedBy,CreatedOn,TradeStateID) VALUES (5,'Victoria','VIC',1,2,1,CURRENT_TIMESTAMP,7)
 GO
INSERT INTO Countrystate(Country,DisplayName,Code,Active,CDLicenseStatus,CreatedBy,CreatedOn,TradeStateID) VALUES (5,'Western Australia','WA',1,2,1,CURRENT_TIMESTAMP,8)
 GO


INSERT INTO [PaymentComplianceStatusEnum]([Status], [Description], [CreatedBy], [CreatedOn], [UpdatedBy], [UpdatedOn])
    VALUES('CLEAR','Payment is cleared', 1, CURRENT_TIMESTAMP, 1, CURRENT_TIMESTAMP)
GO

INSERT INTO [PaymentComplianceStatusEnum]([Status], [Description], [CreatedBy], [CreatedOn], [UpdatedBy], [UpdatedOn])
    VALUES('REJECT','Payment is rejected', 1, CURRENT_TIMESTAMP, 1, CURRENT_TIMESTAMP)
GO

INSERT INTO [PaymentComplianceStatusEnum]([Status], [Description], [CreatedBy], [CreatedOn], [UpdatedBy], [UpdatedOn])
    VALUES('SEIZE','Payment is seized', 1, CURRENT_TIMESTAMP, 1, CURRENT_TIMESTAMP)
GO

INSERT INTO [PaymentComplianceStatusEnum]([Status], [Description], [CreatedBy], [CreatedOn], [UpdatedBy], [UpdatedOn])
    VALUES('HOLD','Payment is put on hold', 1, CURRENT_TIMESTAMP, 1, CURRENT_TIMESTAMP)
GO

INSERT INTO [PaymentComplianceStatusEnum]([Status], [Description], [CreatedBy], [CreatedOn], [UpdatedBy], [UpdatedOn])
    VALUES('WATCHED','Payment is on watch list', 1, CURRENT_TIMESTAMP, 1, CURRENT_TIMESTAMP)
GO

/*---------------------------------------------------------- VelocityRules Seed Data ---------------------------------------------------------------------------*/
INSERT INTO [VelocityRules]([OrganizationID], [CustType], [EventType], [CountThreshold], [AmountThreshold], [CreatedBy], [CreatedOn], [UpdatedBy], [UpdatedOn])
    VALUES( (select ID from Organization where Code='TorFX'), N'PFX', N'PAYMENT_OUT', 5,  1001.1023, 1, CURRENT_TIMESTAMP, 1, CURRENT_TIMESTAMP)
GO
INSERT INTO [VelocityRules]([OrganizationID], [CustType], [EventType], [CountThreshold], [AmountThreshold], [CreatedBy], [CreatedOn], [UpdatedBy], [UpdatedOn])
    VALUES( (select ID from Organization where Code='TorFX'), N'CFX', N'PAYMENT_OUT', 5,  10000.1023, 1, CURRENT_TIMESTAMP, 1, CURRENT_TIMESTAMP)
GO
INSERT INTO [VelocityRules]([OrganizationID], [CustType], [EventType], [CountThreshold], [AmountThreshold], [CreatedBy], [CreatedOn], [UpdatedBy], [UpdatedOn])
    VALUES( (select ID from Organization where Code='Currencies Direct'), N'PFX', N'PAYMENT_OUT', 5,  1001.1023, 1, CURRENT_TIMESTAMP, 1, CURRENT_TIMESTAMP)
GO
INSERT INTO [VelocityRules]([OrganizationID], [CustType], [EventType], [CountThreshold], [AmountThreshold], [CreatedBy], [CreatedOn], [UpdatedBy], [UpdatedOn])
    VALUES( (select ID from Organization where Code='Currencies Direct'), N'CFX', N'PAYMENT_OUT', 5,  10000.1023, 1, CURRENT_TIMESTAMP, 1, CURRENT_TIMESTAMP)
GO
INSERT INTO [VelocityRules]([OrganizationID], [CustType], [EventType], [CountThreshold], [AmountThreshold], [CreatedBy], [CreatedOn], [UpdatedBy], [UpdatedOn])
    VALUES( (select ID from Organization where Code='TorFXOz'), N'PFX', N'PAYMENT_OUT', 5,  1001.1023, 1, CURRENT_TIMESTAMP, 1, CURRENT_TIMESTAMP)
GO
INSERT INTO [VelocityRules]([OrganizationID], [CustType], [EventType], [CountThreshold], [AmountThreshold], [CreatedBy], [CreatedOn], [UpdatedBy], [UpdatedOn])
    VALUES( (select ID from Organization where Code='TorFXOz'), N'CFX', N'PAYMENT_OUT', 5,  10000.1023, 1, CURRENT_TIMESTAMP, 1, CURRENT_TIMESTAMP)
GO
INSERT INTO [VelocityRules]([OrganizationID], [CustType], [EventType], [CountThreshold], [AmountThreshold], [CreatedBy], [CreatedOn], [UpdatedBy], [UpdatedOn])
    VALUES( (select ID from Organization where Code='CD SA'), N'PFX', N'PAYMENT_OUT', 5,  1001.1023, 1, CURRENT_TIMESTAMP, 1, CURRENT_TIMESTAMP)
GO
INSERT INTO [VelocityRules]([OrganizationID], [CustType], [EventType], [CountThreshold], [AmountThreshold], [CreatedBy], [CreatedOn], [UpdatedBy], [UpdatedOn])
    VALUES( (select ID from Organization where Code='CD SA'), N'CFX', N'PAYMENT_OUT', 5,  10000.1023, 1, CURRENT_TIMESTAMP, 1, CURRENT_TIMESTAMP)
GO
/*---------------------------------------------------------- END VelocityRules Seed Data ---------------------------------------------------------------------------*/
/*---------------------------------------------------------- END VelocityRules Seed Data ---------------------------------------------------------------------------*/
GO
INSERT INTO [CurrencyCategory]([ID],[Category],[CreatedBy])
	VALUES(1,'MAJOR',1)
GO
INSERT INTO [CurrencyCategory]([ID],[Category],[CreatedBy])
	VALUES(2,'MINOR',1)
GO
INSERT INTO [CurrencyCategory]([ID],[Category],[CreatedBy])
	VALUES(3,'EXOTIC',1)
GO
INSERT INTO [Currency]([ID],[Code],[ISOCode],[DisplayName],[Category],[Active],[CreatedBy])
	VALUES
	(1,'AED','784','UAE Dirham',3,1,1),
	(2,'AUD','036','Australian Dollar',1,1,1),
	(3,'BGN','975','Bulgarian LEV',3,1,1),
	(4,'BHD','048','Bahraini Dinar',3,1,1),
	(5,'BRL','986','Brazilian Real',3,1,1),
	(6,'BWP','072','Botswana Pula',3,1,1),
	(7,'CAD','124','Canadian Dollar',1,1,1),
	(8,'CHF','756','Swiss Franc',1,1,1),
	(9,'CNH','156','Chinese Renminbi',3,1,1),
	(10,'CZK','203','Czech Koruna',3,1,1),
	(11,'DKK','208','Danish Krone',2,1,1),
	(12,'EGP','818','Egyptian Pound',3,1,1),
	(13,'ESP','724','Spain Peseta',3,1,1),
	(14,'EUR','978','Euro',1,1,1),
	(15,'FJD','242','Fiji Dollar',3,1,1),
	(16,'GBP','826','Sterling Pound',1,1,1),
	(17,'GIP','292','Gibraltar Pound',3,1,1),
	(18,'HKD','344','Hong Kong Dollar',2,1,1),
	(19,'HRK','191','Croatian Kuna',3,1,1),
	(20,'HUF','348','Hungary Forint',3,1,1),
	(21,'ILS','376','New Israeli Shekel',3,1,1),
	(22,'INR','356','Indian Rupee',3,1,1),
	(23,'JPY','392','Japanese Yen',1,1,1),
	(24,'KES','404','Kenyan Shilling',3,1,1),
	(25,'KWD','414','Kuwaiti Dinar',3,1,1),
	(26,'LKR','144','Sri Lanka Rupee',3,1,1),
	(27,'LTL','440','Lithuanian Litas',3,1,1),
	(28,'LVL','428','Latvian Lats',3,1,1),
	(29,'MAD','504','Moroccan Dirham',3,1,1),
	(30,'MUR','480','Mauritius Rupee',3,1,1),
	(31,'MXN','484','Mexican Peso',3,1,1),
	(32,'NAD','516','Namibia Dollar',3,1,1),
	(33,'NOK','578','Norwegian Krone',2,1,1),
	(34,'NZD','554','New Zealand Dollar',2,1,1),
	(35,'OMR','512','Omani Rial',3,1,1),
	(36,'PHP','608','Philippine Pesos',3,1,1),
	(37,'PLN','985','Polish Zloty',3,1,1),
	(38,'QAR','634','Qatari Rial',3,1,1),
	(39,'RON','946','Romanian New Lei',3,1,1),
	(40,'RUB','643','Russian Ruble',3,1,1),
	(41,'SAR','682','Saudi Arabia Riyal',3,1,1),
	(42,'SEK','752','Swedish Krona',2,1,1),
	(43,'SGD','702','Singapore Dollar',2,1,1),
	(44,'THB','764','Thai Baht',3,1,1),
	(45,'TND','788','Tunisian Dinar',3,1,1),
	(46,'TRY','949','Turkish New Lira',2,1,1),
	(47,'TZS','834','Tanzanian Shilling',3,1,1),
	(48,'USD','840','US Dollar',1,1,1),
	(49,'ZAR','710','South African Rand',2,1,1),
	(50,'ZMW','967','Zambian Kwacha',3,1,1),
	(51,'AFA','004','Afghani',3,1,1),
	(52,'ALL','008','Albanian Lek',3,1,1),
	(53,'AMD','051','Armenian Dram',3,1,1),
	(54,'ANG','532','Netherlands Antillian GLR',3,1,1),
	(55,'AON','973','Angola New Kwanza',3,1,1),
	(56,'ARS','032','Argentine Peso',3,1,1),
	(57,'ATS','040','Austria Schilling',3,1,1),
	(58,'AZM','031','Azerbaijanian Manat',3,1,1),
	(59,'BAD','977','Bosnian Dinar',3,1,1),
	(60,'BAM','977','Bosnia Convertible Marka',3,1,1),
	(61,'BBD','052','Barbados Dollar',3,1,1),
	(62,'BDT','050','Bangladesh Taka',3,1,1),
	(63,'BEF','056','Belgium Franc',3,1,1),
	(64,'BIF','108','Burundi Franc',3,1,1),
	(65,'BMD','060','Bermudian Dollar',3,1,1),
	(66,'BND','096','Brunei Dollar',3,1,1),
	(67,'BOB','068','Boliviano',3,1,1),
	(68,'BSD','044','Bahamian Dollar',3,1,1),
	(69,'BTN','064','Ngultrum',3,1,1),
	(70,'BYR','974','Belarussian Rouble',3,1,1),
	(71,'BZD','084','Belize Dollar',3,1,1),
	(72,'CDF','976','Franc Cogolais',3,1,1),
	(73,'CLP','152','Chilean Peso',3,1,1),
	(74,'CNY','156','Yuan Renminbi',3,1,1),
	(75,'COP','170','Columbian Peso',3,1,1),
	(76,'CRC','188','Costa Rican Colon',3,1,1),
	(77,'CSD','891','Serbian dinar',3,1,1),
	(78,'CUP','192','Cuban Peso',3,1,1),
	(79,'CVE','132','Cape Verde Escudo',3,1,1),
	(80,'CYP','978','Cyprus Pound',3,1,1),
	(81,'DEM','280','German Deutsche Mark',3,1,1),
	(82,'DJF','262','Djibouti Franc',3,1,1),
	(83,'DOP','214','Dominican Peso',3,1,1),
	(84,'DZD','012','Algerian Dinar',3,1,1),
	(85,'ECS','218','Ecuadorian Sucre',3,1,1),
	(86,'EEK','233','Kroon',3,1,1),
	(87,'ETB','230','Ethiopian Birr',3,1,1),
	(88,'FIM','246','Finland Markka',3,1,1),
	(89,'FKP','238','Falkland Islands Pound',3,1,1),
	(90,'FRF','250','French Franc',3,1,1),
	(91,'GEL','981','Lari',3,1,1),
	(92,'GHC','288','Ghanaian Cedi',3,1,1),
	(93,'GMD','270','Dalasi',3,1,1),
	(94,'GNF','324','Guinea Franc',3,1,1),
	(95,'GRD','300','Greece Drachma',3,1,1),
	(96,'GTQ','320','Quetzal',3,1,1),
	(97,'GYD','328','Guyana Dollar',3,1,1),
	(98,'HNL','340','Lempira',3,1,1),
	(99,'HTG','332','Haiti Gourde',3,1,1),
	(100,'IDR','360','Indonesian Rupiah',3,1,1),
	(101,'IEP','372','Ireland Pound',3,1,1),
	(102,'IRR','364','Iranian Rial',3,1,1),
	(103,'ISK','352','Iceland Krona',3,1,1),
	(104,'ITL','380','Italian Lira',3,1,1),
	(105,'JMD','388','Jamaican Dollar',3,1,1),
	(106,'JOD','400','Jordanian Dinar',3,1,1),
	(107,'KGS','417','Kyrgyzstan Som',3,1,1),
	(108,'KHR','116','Cambodian Riel',3,1,1),
	(109,'KPW','408','North Korean Won',3,1,1),
	(110,'KRW','410','Korean Won (South Korea)',3,1,1),
	(111,'KYD','136','Cayman Islands Dollar',3,1,1),
	(112,'KZT','398','Tenge',3,1,1),
	(113,'LAK','418','KIP',3,1,1),
	(114,'LBP','422','Lebanese Pound',3,1,1),
	(115,'LSL','426','Loti',3,1,1),
	(116,'LYD','434','Libyan Dinar',3,1,1),
	(117,'MDL','498','Moldovan Leu',3,1,1),
	(118,'MGF','450','Malagasy Franc',3,1,1),
	(119,'MKD','807','Denar',3,1,1),
	(120,'MMK','104','Myanmarian Kyat',3,1,1),
	(121,'MNT','496','Tugrik',3,1,1),
	(122,'MOP','446','Macau Pataca',3,1,1),
	(123,'MRO','478','Ouguiya',3,1,1),
	(124,'MTL','470','Maltese Lira',3,1,1),
	(125,'MVR','462','Rufiyaa',3,1,1),
	(126,'MWK','454','Kwacha',3,1,1),
	(127,'MYR','458','Malaysian Ringgit',3,1,1),
	(128,'MZM','508','Metical',3,1,1),
	(129,'NGN','566','Nigerian Naira',3,1,1),
	(130,'NIO','558','Cordoba Oro',3,1,1),
	(131,'NLG','528','Dutch Guild',3,1,1),
	(132,'NPR','524','Nepalese Rupee',3,1,1),
	(133,'PAB','590','Balboa',3,1,1),
	(134,'PEN','604','Nuevo Sol',3,1,1),
	(135,'PGK','598','Papua New Guinea Kina',3,1,1),
	(136,'PKR','586','Pakistan Rupee',3,1,1),
	(137,'PTE','620','Portugal, Escudo',3,1,1),
	(138,'PYG','600','Guarani',3,1,1),
	(139,'ROL','642','Romanian LEU',3,1,1),
	(140,'RWF','646','Rwanda Franc',3,1,1),
	(141,'SBD','090','Solomon Islands Dollar',3,1,1),
	(142,'SCR','690','Seychelles Rupee',3,1,1),
	(143,'SDD','736','Sudanese Dinar',3,1,1),
	(144,'SHP','654','St. Helena Pound',3,1,1),
	(145,'SIT','705','Tolar',3,1,1),
	(146,'SKK','703','Slovak Koruna',3,1,1),
	(147,'SLL','694','Leone',3,1,1),
	(148,'SOS','706','Somali Shilling',3,1,1),
	(149,'SRG','740','Surinam Guilder',3,1,1),
	(150,'SVC','222','El Salvador Colon',3,1,1),
	(151,'SYP','760','Syrian Pound',3,1,1),
	(152,'SZL','748','Lilangeni',3,1,1),
	(153,'TMM','795','Turkmenistanian Manat',3,1,1),
	(154,'TOP','776','PA''Anga',3,1,1),
	(155,'TRL','792','Turkish Lira',3,1,1),
	(156,'TTD','780','Trinidad & Tobago Dollar',3,1,1),
	(157,'TWD','901','New Taiwan Dollar',3,1,1),
	(158,'UAH','980','Ukraine Hryvnia',3,1,1),
	(159,'UGX','800','Uganda Shilling',3,1,1),
	(160,'UYU','858','Peso Uruguayo',3,1,1),
	(161,'UZS','860','Uzbekistan Sum',3,1,1),
	(162,'VEB','862','Venezuelan Bolivar',3,1,1),
	(163,'VND','704','Vietnamese Dong',3,1,1),
	(164,'VUV','548','Vanuatu Vatu',3,1,1),
	(165,'WST','882','Samoanian Tala',3,1,1),
	(166,'XAF','950','CFA Franc Beac',3,1,1),
	(167,'XCD','951','East Caribbean Dollar',3,1,1),
	(168,'XOF','952','CFA Franc Bceao',3,1,1),
	(169,'XPF','953','CFP Franc',3,1,1),
	(170,'YER','886','Yemeni Rial',3,1,1),
	(171,'YUM','891','New Dinar',3,1,1),
	(172,'ZAL','991','South African Financial',3,1,1),
	(173,'ZWD','716','Zimbabwe Dollar',3,1,1),
	(174,'NAF','840','Netherlands Antilles Florin',3,1,1),
	(175,'ZRN','976','New Zaire',3,1,1),
	(176,'AOA','973','Kwanza',3,1,1),
	(177,'AWG','533','Aruban Guilder',3,1,1),
	(178,'AZN','031','Azerbaijan Manat',3,1,1),
	(179,'KMF','174','Comoro Franc',3,1,1),
	(180,'ERN','232','Nakfa',3,1,1),
	(181,'IQD','368','Iraqi Dinar',3,1,1),
	(182,'LRD','430','Liberian Dollar',3,1,1),
	(183,'STD','678','Dobra',3,1,1),
	(184,'TJS','972','Somoni',3,1,1)
GO

/*********************Document Seed Data*************************************************************/
Insert into Document (Name,Category,IsPrimary,IsSecondary,CreatedBy,CreatedOn) VALUES  ('National ID Card', 'PID',  1, 0,  1,  CURRENT_TIMESTAMP  )
GO
Insert into Document (Name,Category,IsPrimary,IsSecondary,CreatedBy,CreatedOn) VALUES  ('Drivers License', 'PID',  1, 0,  1,  CURRENT_TIMESTAMP  )
GO
Insert into Document (Name,Category,IsPrimary,IsSecondary,CreatedBy,CreatedOn) VALUES  ('Passport', 'PID',  1, 0,  1,  CURRENT_TIMESTAMP  )
GO
Insert into Document (Name,Category,IsPrimary,IsSecondary,CreatedBy,CreatedOn) VALUES  ('Bank Statement', 'POA',  1, 0,  1,  CURRENT_TIMESTAMP  )
GO
Insert into Document (Name,Category,IsPrimary,IsSecondary,CreatedBy,CreatedOn) VALUES  ('Utility Bill', 'POA',  1, 0,  1,  CURRENT_TIMESTAMP  )
GO
Insert into Document (Name,Category,IsPrimary,IsSecondary,CreatedBy,CreatedOn) VALUES  ('Phone Bill (Landline)', 'POA',  1, 0,  1,  CURRENT_TIMESTAMP  )
GO
Insert into Document (Name,Category,IsPrimary,IsSecondary,CreatedBy,CreatedOn) VALUES  ('Telephone Bill', 'POA',  1, 0,  1,  CURRENT_TIMESTAMP  )
GO
Insert into Document (Name,Category,IsPrimary,IsSecondary,CreatedBy,CreatedOn) VALUES  ('Bank / Building Society statement', 'POA',  1, 0,  1,  CURRENT_TIMESTAMP  )
GO
Insert into Document (Name,Category,IsPrimary,IsSecondary,CreatedBy,CreatedOn) VALUES  ('Social Security Card', 'PID',  1, 0,  1,  CURRENT_TIMESTAMP  )
GO
Insert into Document (Name,Category,IsPrimary,IsSecondary,CreatedBy,CreatedOn) VALUES  ('Residents Permit', 'PID',  1, 0,  1,  CURRENT_TIMESTAMP  )
GO
Insert into Document (Name,Category,IsPrimary,IsSecondary,CreatedBy,CreatedOn) VALUES  ('International Driving Permit', 'PID',  1, 0,  1,  CURRENT_TIMESTAMP  )
GO
Insert into Document (Name,Category,IsPrimary,IsSecondary,CreatedBy,CreatedOn) VALUES  ('Card issued for the purpose of proving the persons age', 'PID',  1, 0,  1,  CURRENT_TIMESTAMP  )
GO
Insert into Document (Name,Category,IsPrimary,IsSecondary,CreatedBy,CreatedOn) VALUES  ('Citizens Certificate', 'PID',  1, 0,  1,  CURRENT_TIMESTAMP  )
GO
Insert into Document (Name,Category,IsPrimary,IsSecondary,CreatedBy,CreatedOn) VALUES  ('Current valid Passport', 'PID',  1, 0,  1,  CURRENT_TIMESTAMP  )
GO
Insert into Document (Name,Category,IsPrimary,IsSecondary,CreatedBy,CreatedOn) VALUES  ('Current Full UK Driving Licence', 'PID',  1, 0,  1,  CURRENT_TIMESTAMP  )
GO
Insert into Document (Name,Category,IsPrimary,IsSecondary,CreatedBy,CreatedOn) VALUES  ('Current valid EEA Member State ID card', 'PID',  1, 0,  1,  CURRENT_TIMESTAMP  )
GO
Insert into Document (Name,Category,IsPrimary,IsSecondary,CreatedBy,CreatedOn) VALUES  ('Current Residency Permit issued by Home Office', 'PID',  1, 0,  1,  CURRENT_TIMESTAMP  )
GO
Insert into Document (Name,Category,IsPrimary,IsSecondary,CreatedBy,CreatedOn) VALUES  ('Household utility bill', 'POA',  1, 0,  1,  CURRENT_TIMESTAMP  )
GO
Insert into Document (Name,Category,IsPrimary,IsSecondary,CreatedBy,CreatedOn) VALUES  ('Visa', 'PID',  0, 1,  1,  CURRENT_TIMESTAMP  )
GO
Insert into Document (Name,Category,IsPrimary,IsSecondary,CreatedBy,CreatedOn) VALUES  ('Firearms License', 'POA',  0, 1,  1,  CURRENT_TIMESTAMP  )
GO
Insert into Document (Name,Category,IsPrimary,IsSecondary,CreatedBy,CreatedOn) VALUES  ('Lease for Property', 'POA',  0, 1,  1,  CURRENT_TIMESTAMP  )
GO
Insert into Document (Name,Category,IsPrimary,IsSecondary,CreatedBy,CreatedOn) VALUES  ('Mobile Phone Bill', 'POA',  0, 1,  1,  CURRENT_TIMESTAMP  )
GO
Insert into Document (Name,Category,IsPrimary,IsSecondary,CreatedBy,CreatedOn) VALUES  ('Rental agreement', 'POA',  0, 1,  1,  CURRENT_TIMESTAMP  )
GO
Insert into Document (Name,Category,IsPrimary,IsSecondary,CreatedBy,CreatedOn) VALUES  ('Proof of Insurance', 'POA',  0, 1,  1,  CURRENT_TIMESTAMP  )
GO
Insert into Document (Name,Category,IsPrimary,IsSecondary,CreatedBy,CreatedOn) VALUES  ('Electoraal Register', 'POA',  0, 1,  1,  CURRENT_TIMESTAMP  )
GO
Insert into Document (Name,Category,IsPrimary,IsSecondary,CreatedBy,CreatedOn) VALUES  ('Certified birth certificate', 'PID',  0, 1,  1,  CURRENT_TIMESTAMP  )
GO
Insert into Document (Name,Category,IsPrimary,IsSecondary,CreatedBy,CreatedOn) VALUES  ('Pension Card', '-',  0, 1,  1,  CURRENT_TIMESTAMP  )
GO
Insert into Document (Name,Category,IsPrimary,IsSecondary,CreatedBy,CreatedOn) VALUES  ('PO Box Reference', 'POA',  0, 1,  1,  CURRENT_TIMESTAMP  )
GO
Insert into Document (Name,Category,IsPrimary,IsSecondary,CreatedBy,CreatedOn) VALUES  ('Lease for Property', 'POA',  0, 1,  1,  CURRENT_TIMESTAMP  )
GO
Insert into Document (Name,Category,IsPrimary,IsSecondary,CreatedBy,CreatedOn) VALUES  ('Current EU Photocard Driving Licence', 'POA',  0, 1,  1,  CURRENT_TIMESTAMP  )
GO
Insert into Document (Name,Category,IsPrimary,IsSecondary,CreatedBy,CreatedOn) VALUES  ('Current Firearms/Shotgun Certificate', 'POA',  0, 1,  1,  CURRENT_TIMESTAMP  )
GO
Insert into Document (Name,Category,IsPrimary,IsSecondary,CreatedBy,CreatedOn) VALUES  ('Northern Ireland Voters Card showing your current address', 'POA',  0, 1,  1,  CURRENT_TIMESTAMP  )
GO
Insert into Document (Name,Category,IsPrimary,IsSecondary,CreatedBy,CreatedOn) VALUES  ('Council Tax Bill (valid for the current year) or local authority bill', 'POA',  0, 1,  1,  CURRENT_TIMESTAMP  )
GO
Insert into Document (Name,Category,IsPrimary,IsSecondary,CreatedBy,CreatedOn) VALUES  ('Northern Ireland Voters Card that contains an address', 'POA',  0, 1,  1,  CURRENT_TIMESTAMP  )
GO
Insert into Document (Name,Category,IsPrimary,IsSecondary,CreatedBy,CreatedOn) VALUES  ('Current State Pension book/notification letter', 'POA',  0, 1,  1,  CURRENT_TIMESTAMP  )
GO
Insert into Document (Name,Category,IsPrimary,IsSecondary,CreatedBy,CreatedOn) VALUES  ('Mortgage Statement', 'POA',  0, 1,  1,  CURRENT_TIMESTAMP  )
GO
Insert into Document (Name,Category,IsPrimary,IsSecondary,CreatedBy,CreatedOn) VALUES  ('Tax or other government issued Documents issued within the last 3 months', 'POA',  0, 1,  1,  CURRENT_TIMESTAMP  )
GO
Insert into Document (Name,Category,IsPrimary,IsSecondary,CreatedBy,CreatedOn) VALUES  ('Benefits statement', 'PID',  0, 1,  1,  CURRENT_TIMESTAMP  )
GO
Insert into Document (Name,Category,IsPrimary,IsSecondary,CreatedBy,CreatedOn) VALUES  ('Pensions Document', 'PID',  0, 1,  1,  CURRENT_TIMESTAMP  )
GO
Insert into Document (Name,Category,IsPrimary,IsSecondary,CreatedBy,CreatedOn) VALUES  ('Other', 'PID',  0, 1,  1,  CURRENT_TIMESTAMP  )
GO


/****************************ServiceStatusEnum Seed Data**************************************************************************************************************************************************************/
 
INSERT INTO ServiceStatusEnum (ID,Status,CreatedBy,CreatedON,UpdatedBy,UpdatedOn) VALUES (
1,'PASS',1,CURRENT_TIMESTAMP,1,CURRENT_TIMESTAMP)
GO
INSERT INTO ServiceStatusEnum (ID,Status,CreatedBy,CreatedON,UpdatedBy,UpdatedOn) VALUES (
2,'FAIL',1,CURRENT_TIMESTAMP,1,CURRENT_TIMESTAMP)
GO
INSERT INTO ServiceStatusEnum (ID,Status,CreatedBy,CreatedON,UpdatedBy,UpdatedOn) VALUES (
3,'REFER',1,CURRENT_TIMESTAMP,1,CURRENT_TIMESTAMP)
GO
INSERT INTO ServiceStatusEnum (ID,Status,CreatedBy,CreatedON,UpdatedBy,UpdatedOn) VALUES (
4,'PENDING',1,CURRENT_TIMESTAMP,1,CURRENT_TIMESTAMP)
GO
INSERT INTO ServiceStatusEnum (ID,Status,CreatedBy,CreatedON,UpdatedBy,UpdatedOn) VALUES (
5,'NOT_PERFORMED',1,CURRENT_TIMESTAMP,1,CURRENT_TIMESTAMP)
GO
INSERT INTO ServiceStatusEnum (ID,Status,CreatedBy,CreatedON,UpdatedBy,UpdatedOn) VALUES (
6,'NO_MATCH',1,CURRENT_TIMESTAMP,1,CURRENT_TIMESTAMP)
GO
INSERT INTO ServiceStatusEnum (ID,Status,CreatedBy,CreatedON,UpdatedBy,UpdatedOn) VALUES (
7,'WATCH_LIST',1,CURRENT_TIMESTAMP,1,CURRENT_TIMESTAMP)
GO
INSERT INTO ServiceStatusEnum (ID,Status,CreatedBy,CreatedON,UpdatedBy,UpdatedOn) VALUES (
8,'SERVICE_FAILURE',1,CURRENT_TIMESTAMP,1,CURRENT_TIMESTAMP)
GO
INSERT INTO ServiceStatusEnum (ID,Status,CreatedBy,CreatedON,UpdatedBy,UpdatedOn) VALUES (
9,'NOT_REQUIRED',1,CURRENT_TIMESTAMP,1,CURRENT_TIMESTAMP)
GO
 

/************************************EntityTypeEnum Seed Data******************************************************************************************************************************************************/
 
INSERT INTO EntityTypeEnum (ID,"Type",CreatedBy,CreatedON,UpdatedBy,UpdatedOn) VALUES (
0,'UNKNOWN',1,CURRENT_TIMESTAMP,1,CURRENT_TIMESTAMP)
GO
INSERT INTO EntityTypeEnum (ID,"Type",CreatedBy,CreatedON,UpdatedBy,UpdatedOn) VALUES (
1,'ACCOUNT',1,CURRENT_TIMESTAMP,1,CURRENT_TIMESTAMP)
GO
INSERT INTO EntityTypeEnum (ID,"Type",CreatedBy,CreatedON,UpdatedBy,UpdatedOn) VALUES (
2,'BENEFICIARY',1,CURRENT_TIMESTAMP,1,CURRENT_TIMESTAMP)
GO
INSERT INTO EntityTypeEnum (ID,"Type",CreatedBy,CreatedON,UpdatedBy,UpdatedOn) VALUES (
3,'CONTACT',1,CURRENT_TIMESTAMP,1,CURRENT_TIMESTAMP)
GO
INSERT INTO EntityTypeEnum (ID,"Type",CreatedBy,CreatedON,UpdatedBy,UpdatedOn) VALUES (
4,'BANK',1,CURRENT_TIMESTAMP,1,CURRENT_TIMESTAMP)
GO
INSERT INTO EntityTypeEnum (ID,"Type",CreatedBy,CreatedON,UpdatedBy,UpdatedOn) VALUES (
5,'DEBTOR',1,CURRENT_TIMESTAMP,1,CURRENT_TIMESTAMP)
GO
 